Date,Open,High,Low,Close,Volume,% Day Change,% Previous Change,$ Volume,Previous 10D $ Volume
2020-12-04,5.95,6.5,5.7,6.15,1001400,0.0336,,6158610.0,
2020-12-07,6.53,6.53,5.95,6.07,126300,-0.0704,-0.013,766641.0,
2020-12-08,6.18,6.18,5.95,6.0,80800,-0.0291,-0.0115,484800.0,
2020-12-09,6.0,6.09,5.86,6.0,74300,0.0,0.0,445800.0,
2020-12-10,6.01,6.06,5.9,6.0,82400,-0.0017,0.0,494400.0,
2020-12-11,6.07,6.12,5.97,5.99,141900,-0.0132,-0.0017,849981.0,
2020-12-14,6.09,6.15,5.9,6.0,258700,-0.0148,0.0017,1552200.0,
2020-12-15,6.0,6.24,5.92,6.0,361900,0.0,0.0,2171400.0,
2020-12-16,5.99,6.25,5.95,6.2,287300,0.0351,0.0333,1781260.0,
2020-12-17,6.26,8.64,6.05,7.25,701800,0.1581,0.1694,5088050.0,
2020-12-18,7.5,7.69,6.26,6.79,318000,-0.0947,-0.0634,2159220.0,1979314.2
2020-12-21,6.47,7.0,6.03,6.45,149900,-0.0031,-0.0501,966855.0,1579375.2
2020-12-22,6.46,8.0,6.45,6.92,172200,0.0712,0.0729,1191624.0,1599396.6
2020-12-23,7.47,9.75,6.85,7.55,1975300,0.0107,0.091,14913515.0,1670079.0
2020-12-24,7.34,7.87,7.15,7.65,113300,0.0422,0.0132,866745.0,3116850.5
2020-12-28,7.89,8.75,7.25,8.59,396100,0.0887,0.1229,3402499.0,3154085.0
2020-12-29,8.57,9.49,7.99,8.05,810200,-0.0607,-0.0629,6522110.0,3409336.8
2020-12-30,8.12,10.74,8.0,9.5,481700,0.17,0.1801,4576150.0,3906327.8
2020-12-31,9.54,9.99,9.03,9.33,185400,-0.022,-0.0179,1729782.0,4146802.8
2021-01-04,9.49,9.85,8.54,8.81,224000,-0.0717,-0.0557,1973440.0,4141655.0
2021-01-05,8.79,9.66,8.63,9.29,289300,0.0569,0.0545,2687597.0,3830194.0
2021-01-06,9.5,9.52,8.66,8.79,252900,-0.0747,-0.0538,2222991.0,3883031.7
2021-01-07,8.85,9.85,8.85,8.98,210900,0.0147,0.0216,1893882.0,4008645.3
2021-01-08,8.85,9.38,8.85,9.25,112500,0.0452,0.0301,1040625.0,4078871.1
2021-01-11,9.28,9.4,8.93,9.26,169600,-0.0022,0.0011,1570496.0,2691582.1
2021-01-12,9.24,10.0,8.86,9.82,411400,0.0628,0.0605,4039948.0,2761957.2
2021-01-13,10.0,14.9,9.26,12.28,2881200,0.228,0.2505,35381136.0,2825702.1
2021-01-14,13.25,13.42,11.69,12.1,525700,-0.0868,-0.0147,6360970.0,5711604.7
2021-01-15,12.49,14.25,12.02,12.68,983300,0.0152,0.0479,12468244.0,5890086.7
2021-01-19,12.89,14.5,12.12,14.09,574500,0.0931,0.1112,8094705.0,6963932.9
2021-01-20,14.18,14.25,12.75,13.5,392200,-0.048,-0.0419,5294700.0,7576059.4
2021-01-21,13.23,13.61,12.05,13.13,248700,-0.0076,-0.0274,3265431.0,7836769.7
2021-01-22,12.95,13.49,11.89,12.06,422300,-0.0687,-0.0815,5092938.0,7941013.7
2021-01-25,12.7,13.25,12.0,12.72,394100,0.0016,0.0547,5012952.0,8260919.3
2021-01-26,12.54,14.25,12.41,13.02,1067500,0.0383,0.0236,13898850.0,8658152.0
2021-01-27,12.31,13.42,12.3,12.32,323800,0.0008,-0.0538,3989216.0,9890987.4
2021-01-28,12.36,12.68,11.85,12.13,384000,-0.0186,-0.0154,4657920.0,9885914.2
2021-01-29,12.81,13.2,11.95,12.12,561500,-0.0539,-0.0008,6805380.0,6813592.6
2021-02-01,12.16,12.99,11.57,12.7,714400,0.0444,0.0479,9072880.0,6858033.6
2021-02-02,12.8,12.8,12.15,12.49,288200,-0.0242,-0.0165,3599618.0,6518497.2
2021-02-03,12.58,12.8,12.32,12.65,344300,0.0056,0.0128,4355395.0,6068988.5
2021-02-04,12.8,13.79,12.21,12.7,765600,-0.0078,0.004,9723120.0,5975058.0
2021-02-05,12.7,13.05,12.28,12.83,513100,0.0102,0.0102,6583073.0,6620826.9
2021-02-08,12.99,14.12,12.41,13.25,914100,0.02,0.0327,12111825.0,6769840.4
2021-02-09,13.16,13.25,12.6,12.73,598300,-0.0327,-0.0392,7616359.0,7479727.7
2021-02-10,12.93,13.49,12.0,13.09,950600,0.0124,0.0283,12443354.0,6851478.6
2021-02-11,13.2,13.22,12.15,12.65,505000,-0.0417,-0.0336,6388250.0,7696892.4
2021-02-12,12.59,12.97,12.25,12.92,249000,0.0262,0.0213,3217080.0,7869925.4
2021-02-16,13.41,16.0,13.34,15.4,1236700,0.1484,0.192,19045180.0,7511095.4
2021-02-17,15.1,15.32,13.11,13.33,970800,-0.1172,-0.1344,12940764.0,8508325.4
2021-02-18,12.91,13.35,12.25,12.68,911700,-0.0178,-0.0488,11560356.0,9442440.0
2021-02-19,12.7,13.12,12.25,12.27,508000,-0.0339,-0.0323,6233160.0,10162936.1
2021-02-22,12.4,14.08,12.31,12.89,1343600,0.0395,0.0505,17319004.0,9813940.1
2021-02-23,12.04,14.11,11.75,13.39,1485000,0.1121,0.0388,19884150.0,10887533.2
2021-02-24,13.74,14.46,13.3,14.0,508200,0.0189,0.0456,7114800.0,11664765.7
2021-02-25,14.06,14.7,12.25,13.0,695900,-0.0754,-0.0714,9046700.0,11614609.8
2021-02-26,12.64,13.36,12.27,12.47,495400,-0.0134,-0.0408,6177638.0,11274944.4
2021-03-01,12.6,13.27,12.47,12.95,251200,0.0278,0.0385,3253040.0,11253883.2
2021-03-02,13.1,13.2,12.31,12.31,204200,-0.0603,-0.0494,2513702.0,11257479.2
2021-03-03,12.46,12.71,12.05,12.25,407000,-0.0169,-0.0049,4985750.0,9604331.4
2021-03-04,12.03,12.5,10.2,10.92,1185100,-0.0923,-0.1086,12941292.0,8808830.0
2021-03-05,11.3,11.98,8.94,11.92,1071700,0.0549,0.0916,12774664.0,8946923.6
2021-03-08,12.04,12.74,9.1,9.54,1040700,-0.2076,-0.1997,9928278.0,9601074.0
2021-03-09,9.95,10.5,9.83,9.91,484000,-0.004,0.0388,4796440.0,8862001.4
2021-03-10,10.05,10.91,9.92,10.09,286400,0.004,0.0182,2889776.0,7353230.4
2021-03-11,10.45,11.4,10.28,11.3,404600,0.0813,0.1199,4571980.0,6930728.0
2021-03-12,11.04,11.22,10.52,10.99,278800,-0.0045,-0.0274,3064012.0,6483256.0
2021-03-15,11.0,11.85,10.8,11.75,294500,0.0682,0.0692,3460375.0,6171893.4
2021-03-16,11.91,12.15,11.08,11.29,306100,-0.0521,-0.0391,3455869.0,6192626.9
2021-03-17,11.06,11.9,11.06,11.8,331200,0.0669,0.0452,3908160.0,6286843.6
2021-03-18,11.56,12.25,11.21,11.26,335800,-0.026,-0.0458,3781108.0,6179084.6
2021-03-19,11.51,12.24,11.09,11.32,880600,-0.0165,0.0053,9968392.0,5263066.2
2021-03-22,11.56,12.05,11.48,11.7,215300,0.0121,0.0336,2519010.0,4982439.0
2021-03-23,11.66,11.91,10.52,10.73,396800,-0.0798,-0.0829,4257664.0,4241512.2
2021-03-24,10.96,11.18,9.58,9.76,258700,-0.1095,-0.0904,2524912.0,4187634.6
2021-03-25,9.49,10.42,9.25,10.16,161800,0.0706,0.041,1643888.0,4151148.2
2021-03-26,10.03,10.75,9.44,9.84,307600,-0.0189,-0.0315,3026784.0,3858339.0
2021-03-29,9.77,10.06,9.2,9.28,195100,-0.0502,-0.0569,1810528.0,3854616.2
2021-03-30,9.14,9.72,9.1,9.65,259200,0.0558,0.0399,2501280.0,3689631.5
2021-03-31,9.71,9.91,9.42,9.69,293000,-0.0021,0.0041,2839170.0,3594172.6
2021-04-01,9.84,10.0,9.35,9.44,391900,-0.0407,-0.0258,3699536.0,3487273.6
2021-04-05,9.5,9.69,7.74,8.38,1399500,-0.1179,-0.1123,11727810.0,3479116.4
2021-04-06,8.3,8.61,8.15,8.22,337300,-0.0096,-0.0191,2772606.0,3655058.2
2021-04-07,8.3,8.3,7.7,7.84,455700,-0.0554,-0.0462,3572688.0,3680417.8
2021-04-08,7.95,8.9,7.76,8.81,725200,0.1082,0.1237,6389012.0,3611920.2
2021-04-09,8.61,8.66,8.03,8.27,398400,-0.0395,-0.0613,3294768.0,3998330.2
2021-04-12,8.29,8.81,8.09,8.72,307500,0.0519,0.0544,2681400.0,4163418.2
2021-04-13,8.82,8.87,7.95,8.0,306800,-0.093,-0.0826,2454400.0,4128879.8
2021-04-14,8.17,8.99,8.05,8.64,358900,0.0575,0.08,3100896.0,4193267.0
2021-04-15,8.75,8.81,7.78,7.88,295100,-0.0994,-0.088,2325388.0,4253228.6
2021-04-16,7.8,8.14,7.51,8.1,307300,0.0385,0.0279,2489130.0,4201850.4
2021-04-19,7.9,8.07,7.57,7.73,293700,-0.0215,-0.0457,2270301.0,4080809.8
2021-04-20,7.65,7.78,7.12,7.4,366100,-0.0327,-0.0427,2709140.0,3135058.9
2021-04-21,7.36,7.84,7.15,7.69,302200,0.0448,0.0392,2323918.0,3128712.3
2021-04-22,7.75,8.34,7.67,7.91,272900,0.0206,0.0286,2158639.0,3003835.3
2021-04-23,7.9,8.3,7.86,8.24,368900,0.043,0.0417,3039736.0,2580798.0
2021-04-26,8.32,8.48,8.17,8.37,143000,0.006,0.0158,1196910.0,2555294.8
2021-04-27,8.46,8.55,7.89,8.0,180600,-0.0544,-0.0442,1444800.0,2406845.8
2021-04-28,7.98,8.05,7.61,7.83,143700,-0.0188,-0.0212,1125171.0,2305885.8
2021-04-29,8.0,8.0,7.46,7.72,157400,-0.035,-0.014,1215128.0,2108313.3
2021-04-30,7.67,8.12,7.53,8.04,284200,0.0482,0.0415,2284968.0,1997287.3
2021-05-03,8.03,8.03,7.23,7.64,326500,-0.0486,-0.0498,2494460.0,1976871.1
2021-05-04,7.58,7.59,6.88,7.0,280100,-0.0765,-0.0838,1960700.0,1999287.0
2021-05-05,7.15,7.5,6.97,7.16,179700,0.0014,0.0229,1286652.0,1924443.0
2021-05-06,7.02,7.19,6.35,6.66,490800,-0.0513,-0.0698,3268728.0,1820716.4
2021-05-07,6.72,7.11,6.55,6.94,217400,0.0327,0.042,1508756.0,1931725.3
2021-05-10,6.75,6.84,6.2,6.49,322500,-0.0385,-0.0648,2093025.0,1778627.3
2021-05-11,6.0,6.95,6.0,6.65,254500,0.1083,0.0247,1692425.0,1868238.8
2021-05-12,6.48,6.77,6.01,6.13,305200,-0.054,-0.0782,1870876.0,1893001.3
2021-05-13,6.22,6.51,5.69,5.73,356200,-0.0788,-0.0653,2041026.0,1967571.8
2021-05-14,5.79,6.2,5.77,6.09,261600,0.0518,0.0628,1593144.0,2050161.6
2021-05-17,6.49,7.2,6.44,7.18,704600,0.1063,0.179,5059028.0,1980979.2
2021-05-18,7.28,7.8,7.1,7.16,435800,-0.0165,-0.0028,3120328.0,2237436.0
2021-05-19,7.25,7.29,6.75,6.87,328200,-0.0524,-0.0405,2254734.0,2353398.8
2021-05-20,6.88,7.44,6.82,7.38,307000,0.0727,0.0742,2265660.0,2450207.0
2021-05-21,7.5,7.68,7.11,7.23,256900,-0.036,-0.0203,1857387.0,2349900.2
2021-05-24,7.25,7.52,7.1,7.33,291600,0.011,0.0138,2137428.0,2384763.3
2021-05-25,7.34,7.34,6.75,6.78,357800,-0.0763,-0.075,2425884.0,2389203.6
2021-05-26,7.03,8.49,7.0,8.12,648000,0.155,0.1976,5261760.0,2462549.5
2021-05-27,8.1,8.68,7.75,8.36,501900,0.0321,0.0296,4195884.0,2801637.9
2021-05-28,8.61,9.23,8.53,8.9,598700,0.0337,0.0646,5328430.0,3017123.7
2021-06-01,9.02,9.21,8.15,8.65,567100,-0.041,-0.0281,4905415.0,3390652.3
2021-06-02,8.68,8.86,8.3,8.73,224800,0.0058,0.0092,1962504.0,3375291.0
2021-06-03,8.63,9.5,8.27,9.4,322400,0.0892,0.0767,3030560.0,3259508.6
2021-06-04,9.4,9.5,8.91,9.05,189600,-0.0372,-0.0372,1715880.0,3337091.2
2021-06-07,9.21,9.4,8.8,9.05,240300,-0.0174,0.0,2174715.0,3282113.2
2021-06-08,9.2,9.36,8.84,8.95,454800,-0.0272,-0.011,4070460.0,3313846.0
2021-06-09,7.77,8.91,7.57,8.3,5669100,0.0682,-0.0726,47053530.0,3507149.2
2021-06-10,8.13,8.49,7.81,8.05,1354500,-0.0098,-0.0301,10903725.0,7969913.8
2021-06-11,8.16,8.34,7.95,8.18,886700,0.0025,0.0161,7253206.0,8534110.3
2021-06-14,8.15,8.54,8.04,8.39,596200,0.0294,0.0257,5002118.0,8839842.5
2021-06-15,8.38,8.49,7.66,7.78,644400,-0.0716,-0.0727,5013432.0,8807211.3
2021-06-16,7.75,7.91,7.41,7.77,571400,0.0026,-0.0013,4439778.0,8818013.0
2021-06-17,7.72,8.18,7.69,8.08,634900,0.0466,0.0399,5129992.0,9065740.4
2021-06-18,8.05,8.3,7.83,7.97,521900,-0.0099,-0.0136,4159543.0,9275683.6
2021-06-21,8.25,8.25,7.62,7.7,467700,-0.0667,-0.0339,3601290.0,9520049.9
2021-06-22,8.45,8.45,7.67,8.05,803400,-0.0473,0.0455,6467370.0,9662707.4
2021-06-23,8.11,8.11,7.72,7.92,421100,-0.0234,-0.0161,3335112.0,9902398.4
2021-06-24,8.0,8.44,7.85,8.39,693400,0.0488,0.0593,5817626.0,5530556.6
2021-06-25,8.37,8.43,7.9,8.03,454100,-0.0406,-0.0429,3646423.0,5021946.7
2021-06-28,8.04,8.2,7.75,7.97,433800,-0.0087,-0.0075,3457386.0,4661268.4
2021-06-29,8.0,8.15,7.65,7.9,486500,-0.0125,-0.0088,3843350.0,4506795.2
2021-06-30,7.86,8.12,7.73,7.94,253400,0.0102,0.0051,2011996.0,4389787.0
2021-07-01,7.86,7.94,7.71,7.88,261200,0.0025,-0.0076,2058256.0,4147008.8
2021-07-02,7.92,7.95,7.18,7.4,568300,-0.0657,-0.0609,4205420.0,3839835.2
2021-07-06,7.45,7.46,7.15,7.18,227600,-0.0362,-0.0297,1634168.0,3844422.9
2021-07-07,7.16,7.28,6.66,7.01,649600,-0.0209,-0.0237,4553696.0,3647710.7
2021-07-08,6.67,7.33,6.67,7.19,536000,0.078,0.0257,3853840.0,3456343.3
2021-07-09,7.31,7.77,7.1,7.43,441600,0.0164,0.0334,3281088.0,3508216.1
2021-07-12,7.36,7.64,7.04,7.49,320300,0.0177,0.0081,2399047.0,3254562.3
2021-07-13,7.32,7.68,7.3,7.32,142600,0.0,-0.0227,1043832.0,3129824.7
2021-07-14,7.54,8.16,7.33,7.83,846900,0.0385,0.0697,6631227.0,2888469.3
2021-07-15,7.91,7.98,7.31,7.48,619200,-0.0544,-0.0447,4631616.0,3167257.0
2021-07-16,7.59,7.59,7.16,7.55,331100,-0.0053,0.0094,2499805.0,3429219.0
2021-07-19,7.39,7.84,7.1,7.71,379900,0.0433,0.0212,2929029.0,3473373.9
2021-07-20,7.82,8.51,7.63,8.19,517800,0.0473,0.0623,4240782.0,3345734.8
2021-07-21,8.15,8.36,7.94,8.08,387800,-0.0086,-0.0134,3133424.0,3606396.2
2021-07-22,8.02,8.17,7.79,8.09,313400,0.0087,0.0012,2535406.0,3464369.0
2021-07-23,8.1,8.19,7.69,8.05,255800,-0.0062,-0.0049,2059190.0,3332525.6
2021-07-26,8.11,8.3,7.85,7.93,259100,-0.0222,-0.0149,2054663.0,3210335.8
2021-07-27,7.94,8.0,7.6,7.98,190400,0.005,0.0063,1519392.0,3175897.4
2021-07-28,7.95,8.08,7.65,7.99,322800,0.005,0.0013,2579172.0,3223453.4
2021-07-29,8.05,8.18,7.89,8.04,135400,-0.0012,0.0063,1088616.0,2818247.9
2021-07-30,8.0,8.07,7.9,7.93,92200,-0.0088,-0.0137,731146.0,2463947.9
2021-08-02,8.02,8.07,7.84,7.96,86700,-0.0075,0.0038,690132.0,2287082.0
2021-08-03,7.98,8.08,7.67,8.0,158500,0.0025,0.005,1268000.0,2063192.3
2021-08-04,8.0,8.07,7.7,7.8,122900,-0.025,-0.025,958620.0,1765914.1
2021-08-05,7.72,7.85,7.54,7.78,302700,0.0078,-0.0026,2355006.0,1548433.7
2021-08-06,8.01,8.4,7.88,8.11,609300,0.0125,0.0424,4941423.0,1530393.7
2021-08-09,8.41,8.82,8.05,8.68,485300,0.0321,0.0703,4212404.0,1818617.0
2021-08-10,8.71,8.71,7.84,8.02,535700,-0.0792,-0.076,4296314.0,2034391.1
2021-08-11,7.96,8.08,7.72,7.99,279500,0.0038,-0.0037,2233205.0,2312083.3
2021-08-12,7.97,8.06,7.7,7.88,220200,-0.0113,-0.0138,1735176.0,2277486.6
2021-08-13,7.82,7.86,7.5,7.62,313100,-0.0256,-0.033,2385822.0,2342142.6
2021-08-16,7.31,7.4,6.47,6.59,1147700,-0.0985,-0.1352,7563343.0,2507610.2
2021-08-17,6.59,6.76,6.29,6.52,575100,-0.0106,-0.0106,3749652.0,3194931.3
2021-08-18,6.49,6.49,6.06,6.3,657500,-0.0293,-0.0337,4142250.0,3443096.5
2021-08-19,6.13,6.39,6.09,6.14,356900,0.0016,-0.0254,2191366.0,3761459.5
2021-08-20,6.1,6.28,5.86,6.25,546600,0.0246,0.0179,3416250.0,3745095.5
2021-08-23,6.24,6.86,6.24,6.79,359500,0.0881,0.0864,2441005.0,3592578.2
2021-08-24,6.78,6.89,6.61,6.75,302700,-0.0044,-0.0059,2043225.0,3415438.3
2021-08-25,6.79,6.84,6.5,6.53,223800,-0.0383,-0.0326,1461414.0,3190129.4
2021-08-26,6.5,6.56,6.12,6.39,395100,-0.0169,-0.0214,2524689.0,3112950.3
2021-08-27,6.44,7.02,6.39,6.95,519800,0.0792,0.0876,3612610.0,3191901.6
2021-08-30,7.15,7.29,6.71,7.07,451800,-0.0112,0.0173,3194226.0,3314580.4
2021-08-31,7.1,7.19,6.95,7.15,248700,0.007,0.0113,1778205.0,2877668.7
2021-09-01,7.19,7.23,6.86,7.08,213900,-0.0153,-0.0098,1514412.0,2680524.0
2021-09-02,7.14,7.14,6.92,6.98,191400,-0.0224,-0.0141,1335972.0,2417740.2
2021-09-03,6.95,7.74,6.95,7.71,454400,0.1094,0.1046,3503424.0,2332200.8
2021-09-07,7.77,8.47,7.68,8.03,762200,0.0335,0.0415,6120466.0,2340918.2
2021-09-08,7.94,8.39,7.56,7.63,421800,-0.039,-0.0498,3218334.0,2708864.3
2021-09-09,7.57,7.99,7.43,7.69,310000,0.0159,0.0079,2383900.0,2826375.2
2021-09-10,7.68,7.79,7.37,7.41,181800,-0.0352,-0.0364,1347138.0,2918623.8
2021-09-13,7.4,7.7,7.0,7.5,435500,0.0135,0.0121,3266250.0,2800868.7
2021-09-14,7.57,7.6,7.12,7.21,360000,-0.0476,-0.0387,2595600.0,2766232.7
2021-09-15,7.14,7.48,7.12,7.35,219400,0.0294,0.0194,1612590.0,2706370.1
2021-09-16,7.41,8.55,7.41,8.26,1420200,0.1147,0.1238,11730852.0,2689808.6
2021-09-17,8.22,8.4,7.78,7.8,942200,-0.0511,-0.0557,7349160.0,3711452.6
2021-09-20,7.44,7.78,7.25,7.35,459900,-0.0121,-0.0577,3380265.0,4312771.4
2021-09-21,7.54,7.79,7.35,7.41,280500,-0.0172,0.0082,2078505.0,4300455.5
2021-09-22,7.43,7.7,7.34,7.59,357600,0.0215,0.0243,2714184.0,3896259.4
2021-09-23,7.69,7.75,7.42,7.64,192000,-0.0065,0.0066,1466880.0,3845844.4
2021-09-24,7.6,8.25,7.58,8.02,297500,0.0553,0.0497,2385950.0,3754142.4
2021-09-27,8.07,8.43,7.92,8.19,909000,0.0149,0.0212,7444710.0,3858023.6
2021-09-28,8.37,9.85,8.22,9.62,4196400,0.1493,0.1746,40369368.0,4275869.6
2021-09-29,9.41,10.0,8.87,9.04,1627500,-0.0393,-0.0603,14712600.0,8053246.4
2021-09-30,9.3,9.4,8.53,9.16,884400,-0.0151,0.0133,8101104.0,9363247.4
2021-10-01,9.04,9.6,8.64,9.08,946300,0.0044,-0.0087,8592404.0,9000272.6
2021-10-04,9.16,9.47,8.83,9.46,751200,0.0328,0.0419,7106352.0,9124597.0
2021-10-05,9.75,9.76,8.92,9.27,895600,-0.0492,-0.0201,8302212.0,9497205.7
2021-10-06,8.86,10.22,8.86,9.94,1982400,0.1219,0.0723,19705056.0,10119576.4
2021-10-07,10.05,10.75,9.95,10.36,1475000,0.0308,0.0423,15281000.0,11818663.6
2021-10-08,10.49,10.65,9.76,9.9,701400,-0.0562,-0.0444,6943860.0,13200075.6
2021-10-11,10.25,10.53,10.05,10.17,416900,-0.0078,0.0273,4239873.0,13655866.6
2021-10-12,10.09,10.25,9.61,9.8,483500,-0.0287,-0.0364,4738300.0,13335382.9
2021-10-13,9.81,9.85,9.21,9.56,641400,-0.0255,-0.0245,6131784.0,9772276.1
2021-10-14,9.63,9.81,9.32,9.5,287600,-0.0135,-0.0063,2732200.0,8914194.5
2021-10-15,9.53,9.82,9.16,9.23,359000,-0.0315,-0.0284,3313570.0,8377304.1
2021-10-18,9.23,9.5,9.03,9.28,635100,0.0054,0.0054,5893728.0,7849420.7
2021-10-19,9.39,9.43,9.06,9.14,569500,-0.0266,-0.0151,5205230.0,7728158.3
2021-10-20,9.14,9.3,8.68,9.16,449800,0.0022,0.0022,4120168.0,7418460.1
2021-10-21,9.07,9.39,8.91,9.12,297000,0.0055,-0.0044,2708640.0,5859971.3
2021-10-22,8.99,9.09,8.4,8.56,641200,-0.0478,-0.0614,5488672.0,4602735.3
2021-10-25,8.42,8.77,8.16,8.46,527600,0.0048,-0.0117,4463496.0,4457216.5
2021-10-26,8.59,8.88,8.4,8.68,451200,0.0105,0.026,3916416.0,4479578.8
2021-10-27,8.6,9.05,8.54,8.75,528900,0.0174,0.0081,4627875.0,4397390.4
2021-10-28,8.73,10.0,8.22,9.26,1503000,0.0607,0.0583,13917780.0,4246999.5
2021-10-29,9.21,9.22,8.53,8.57,655500,-0.0695,-0.0745,5617635.0,5365557.5
2021-11-01,8.59,8.99,8.58,8.67,387100,0.0093,0.0117,3356157.0,5595964.0
2021-11-02,8.6,8.85,8.42,8.73,412900,0.0151,0.0069,3604617.0,5342206.9
2021-11-03,8.73,9.18,8.61,9.07,510400,0.0389,0.0389,4629328.0,5182145.6
2021-11-04,9.02,9.58,8.92,9.43,811500,0.0455,0.0397,7652445.0,5233061.6
2021-11-05,9.5,9.54,9.17,9.49,310700,-0.0011,0.0064,2948543.0,5727442.1
2021-11-08,9.61,9.87,9.36,9.41,547400,-0.0208,-0.0084,5151034.0,5473429.2
2021-11-09,9.48,9.61,8.9,9.0,799000,-0.0506,-0.0436,7191000.0,5542183.0
2021-11-10,8.91,9.6,8.51,9.54,818900,0.0707,0.06,7812306.0,5869641.4
2021-11-11,9.62,10.95,9.42,10.38,2174100,0.079,0.0881,22567158.0,6188084.5
2021-11-12,10.5,10.6,10.0,10.33,957400,-0.0162,-0.0048,9889942.0,7053022.3
2021-11-15,10.35,11.74,9.87,11.18,2127400,0.0802,0.0823,23784332.0,7480253.0
2021-11-16,11.19,11.2,10.61,10.81,741800,-0.034,-0.0331,8018858.0,9523070.5
2021-11-17,10.8,10.89,9.8,9.86,949100,-0.087,-0.0879,9358126.0,9964494.6
2021-11-18,9.9,9.96,9.16,9.47,995300,-0.0434,-0.0396,9425491.0,10437374.4
2021-11-19,9.31,9.57,8.78,8.82,1118800,-0.0526,-0.0686,9867816.0,10614679.0
2021-11-22,8.79,8.97,7.82,8.48,1479000,-0.0353,-0.0385,12541920.0,11306606.3
2021-11-23,8.44,8.59,7.78,8.49,1365700,0.0059,0.0012,11594793.0,12045694.9
2021-11-24,8.38,8.65,8.15,8.24,546200,-0.0167,-0.0294,4500688.0,12486074.2
2021-11-26,8.01,8.23,7.76,8.17,365100,0.02,-0.0085,2982867.0,12154912.4
2021-11-29,8.03,8.34,7.68,7.86,592300,-0.0212,-0.0379,4655478.0,10196483.3
2021-11-30,7.83,8.11,7.34,7.61,1156100,-0.0281,-0.0318,8797921.0,9673036.9
2021-12-01,7.88,7.92,7.13,7.32,784700,-0.0711,-0.0381,5744004.0,8174395.8
2021-12-02,7.56,7.88,7.33,7.77,740600,0.0278,0.0615,5754462.0,7946910.4
2021-12-03,7.86,7.91,7.26,7.36,698400,-0.0636,-0.0528,5140224.0,7586544.0
2021-12-06,7.5,7.75,7.14,7.6,427400,0.0133,0.0326,3248240.0,7158017.3
2021-12-07,7.72,8.27,7.72,8.15,568500,0.0557,0.0724,4633275.0,6496059.7
2021-12-08,8.3,8.62,8.03,8.31,416700,0.0012,0.0196,3462777.0,5705195.2
2021-12-09,8.31,8.63,8.13,8.16,227800,-0.0181,-0.0181,1858848.0,4891993.6
2021-12-10,8.25,8.35,7.82,8.11,242200,-0.017,-0.0061,1964242.0,4627809.6
2021-12-13,8.09,8.39,7.4,7.5,625700,-0.0729,-0.0752,4692750.0,4525947.1
2021-12-14,7.25,7.52,6.83,7.0,809100,-0.0345,-0.0667,5663700.0,4529674.3
2021-12-15,7.0,7.52,6.72,7.48,833200,0.0686,0.0686,6232336.0,4216252.2
2021-12-16,7.66,7.77,6.58,6.68,1114300,-0.1279,-0.107,7443524.0,4265085.4
2021-12-17,6.6,7.0,6.43,6.54,959300,-0.0091,-0.021,6273822.0,4433991.6
2021-12-20,6.46,6.63,6.23,6.4,831500,-0.0093,-0.0214,5321600.0,4547351.4
2021-12-21,6.7,7.06,6.53,6.73,908200,0.0045,0.0516,6112186.0,4754687.4
2021-12-22,6.7,7.1,6.6,7.07,756700,0.0552,0.0505,5349869.0,4902578.5
2021-12-23,7.22,7.33,6.92,7.16,364500,-0.0083,0.0127,2609820.0,5091287.7
2021-12-27,7.2,7.28,6.92,7.02,468200,-0.025,-0.0196,3286764.0,5166384.9
2021-12-28,6.97,6.97,6.62,6.8,637000,-0.0244,-0.0313,4331600.0,5298637.1
2021-12-29,6.72,6.79,6.45,6.55,479000,-0.0253,-0.0368,3137450.0,5262522.1
2021-12-30,6.66,7.02,6.51,6.89,410900,0.0345,0.0519,2831101.0,5009897.1
2021-12-31,6.79,6.9,6.67,6.71,308400,-0.0118,-0.0261,2069364.0,4669773.6
2022-01-03,6.85,6.99,6.63,6.83,303600,-0.0029,0.0179,2073588.0,4132357.6
2022-01-04,6.87,6.87,6.13,6.29,727200,-0.0844,-0.0791,4574088.0,3712334.2
2022-01-05,6.21,6.28,5.77,5.81,690400,-0.0644,-0.0763,4011224.0,3637583.0
2022-01-06,5.77,5.99,5.44,5.77,725600,0.0,-0.0069,4186712.0,3427486.8
2022-01-07,5.73,5.86,5.42,5.46,522600,-0.0471,-0.0537,2853396.0,3311171.1
2022-01-10,5.39,5.43,4.97,5.3,1070600,-0.0167,-0.0293,5674180.0,3335528.7
2022-01-11,5.3,5.65,5.23,5.54,412800,0.0453,0.0453,2286912.0,3574270.3
2022-01-12,5.6,5.71,5.34,5.42,281800,-0.0321,-0.0217,1527356.0,3369801.5
2022-01-13,5.46,5.46,5.12,5.16,283300,-0.0549,-0.048,1461828.0,3208792.1
2022-01-14,5.05,5.18,4.79,4.99,571900,-0.0119,-0.0329,2853781.0,3071864.8
2022-01-18,4.89,4.99,4.58,4.65,657800,-0.0491,-0.0681,3058770.0,3150306.5
2022-01-19,4.69,4.75,4.46,4.46,381800,-0.049,-0.0409,1702828.0,3248824.7
2022-01-20,4.53,4.77,4.42,4.43,364300,-0.0221,-0.0067,1613849.0,2961698.7
2022-01-21,4.32,4.45,4.15,4.17,709900,-0.0347,-0.0587,2960283.0,2721961.2
2022-01-24,4.24,4.64,3.92,4.58,833900,0.0802,0.0983,3819262.0,2599318.3
2022-01-25,4.52,4.61,4.3,4.53,350700,0.0022,-0.0109,1588671.0,2695904.9
2022-01-26,5.0,5.33,4.37,4.43,7191900,-0.114,-0.0221,31860117.0,2287354.0
2022-01-27,4.48,4.67,4.15,4.17,689800,-0.0692,-0.0587,2876466.0,5244674.5
2022-01-28,4.17,4.57,4.05,4.57,591400,0.0959,0.0959,2702698.0,5379585.5
2022-01-31,4.57,4.99,4.53,4.99,451000,0.0919,0.0919,2250490.0,5503672.5
2022-02-01,5.03,5.38,4.85,5.26,547300,0.0457,0.0541,2878798.0,5443343.4
2022-02-02,5.3,5.3,4.7,4.75,550100,-0.1038,-0.097,2612975.0,5425346.2
2022-02-03,4.62,4.72,4.51,4.63,398700,0.0022,-0.0253,1845981.0,5516360.9
2022-02-04,4.62,4.84,4.4,4.78,420400,0.0346,0.0324,2009512.0,5539574.1
2022-02-07,4.79,4.93,4.59,4.63,299600,-0.0334,-0.0314,1387148.0,5444497.0
2022-02-08,4.63,4.88,4.6,4.79,139600,0.0346,0.0346,668684.0,5201285.6
2022-02-09,4.95,5.2,4.87,5.14,360500,0.0384,0.0731,1852970.0,5109286.9
2022-02-10,5.01,5.39,5.0,5.03,310000,0.004,-0.0214,1559300.0,2108572.2
2022-02-11,5.04,5.27,4.84,4.99,321400,-0.0099,-0.008,1603786.0,1976855.6
2022-02-14,5.01,5.18,4.86,4.91,217200,-0.02,-0.016,1066452.0,1866964.4
2022-02-15,5.06,5.26,5.01,5.26,138400,0.0395,0.0713,727984.0,1748560.6
2022-02-16,5.25,5.31,5.09,5.27,152200,0.0038,0.0019,802094.0,1533479.2
2022-02-17,5.2,5.23,4.83,4.85,202200,-0.0673,-0.0797,980670.0,1352391.1
2022-02-18,4.84,5.0,4.56,4.65,266300,-0.0393,-0.0412,1238295.0,1265860.0
2022-02-22,4.57,4.66,4.3,4.38,368100,-0.0416,-0.0581,1612278.0,1188738.3
2022-02-23,4.47,4.51,4.08,4.11,326500,-0.0805,-0.0616,1341915.0,1211251.3
2022-02-24,4.0,4.7,3.93,4.68,327000,0.17,0.1387,1530360.0,1278574.4
2022-02-25,4.68,4.84,4.53,4.73,269300,0.0107,0.0107,1273789.0,1246313.4
2022-02-28,4.75,5.06,4.75,5.0,202100,0.0526,0.0571,1010500.0,1217762.3
2022-03-01,5.04,5.3,4.94,5.1,259300,0.0119,0.02,1322430.0,1158433.7
2022-03-02,5.13,5.57,5.0,5.5,463200,0.0721,0.0784,2547600.0,1184031.5
2022-03-03,5.56,5.58,5.0,5.02,251400,-0.0971,-0.0873,1262028.0,1365993.1
2022-03-04,4.96,5.18,4.74,4.77,313600,-0.0383,-0.0498,1495872.0,1411986.5
2022-03-07,4.77,4.93,4.51,4.63,232000,-0.0294,-0.0294,1074160.0,1463506.7
2022-03-08,4.57,5.07,4.26,4.8,398600,0.0503,0.0367,1913280.0,1447093.2
2022-03-09,5.0,5.25,4.93,4.96,176200,-0.008,0.0333,873952.0,1477193.4
2022-03-10,4.82,5.46,4.77,5.43,270300,0.1266,0.0948,1467729.0,1430397.1
2022-03-11,5.49,5.68,5.23,5.31,277400,-0.0328,-0.0221,1472994.0,1424134.0
2022-03-14,5.34,5.34,4.76,5.01,392100,-0.0618,-0.0565,1964421.0,1444054.5
2022-03-15,5.02,5.29,5.01,5.21,205300,0.0378,0.0399,1069613.0,1539446.6
2022-03-16,5.29,5.47,5.07,5.35,329600,0.0113,0.0269,1763360.0,1514164.9
2022-03-17,5.34,6.21,5.2,6.15,584200,0.1517,0.1495,3592830.0,1435740.9
2022-03-18,6.01,6.62,5.96,6.55,407900,0.0899,0.065,2671745.0,1668821.1
2022-03-21,6.58,6.94,6.42,6.61,558100,0.0046,0.0092,3689041.0,1786408.4
2022-03-22,6.56,7.68,6.21,7.19,1599200,0.096,0.0877,11498248.0,2047896.5
2022-03-23,7.2,7.35,6.52,6.61,1170700,-0.0819,-0.0807,7738327.0,3006393.3
2022-03-24,6.64,7.57,6.64,7.31,699100,0.1009,0.1059,5110421.0,3692830.8
2022-03-25,7.39,7.52,6.91,7.02,411800,-0.0501,-0.0397,2890836.0,4057100.0
2022-03-28,7.16,7.59,7.15,7.57,303300,0.0573,0.0783,2295981.0,4198884.2
2022-03-29,7.64,7.99,7.55,7.75,633300,0.0144,0.0238,4908075.0,4232040.2
2022-03-30,7.55,7.99,7.35,7.46,345900,-0.0119,-0.0374,2580414.0,4615886.4
2022-03-31,7.48,7.68,7.28,7.3,424500,-0.0241,-0.0214,3098850.0,4697591.8
2022-04-01,7.37,7.97,7.37,7.81,643100,0.0597,0.0699,5022611.0,4648193.8
2022-04-04,7.88,7.88,7.6,7.68,341000,-0.0254,-0.0166,2618880.0,4883280.4
2022-04-05,7.67,7.8,7.38,7.62,500400,-0.0065,-0.0078,3813048.0,4776264.3
2022-04-06,7.43,7.56,6.93,7.11,601200,-0.0431,-0.0669,4274532.0,4007744.3
2022-04-07,7.04,7.1,6.55,6.88,506500,-0.0227,-0.0323,3484720.0,3661364.8
2022-04-08,6.87,6.87,6.5,6.52,321100,-0.0509,-0.0523,2093572.0,3498794.7
2022-04-11,6.36,6.88,6.21,6.69,261500,0.0519,0.0261,1749435.0,3419068.3
2022-04-12,6.81,7.09,6.72,6.86,349600,0.0073,0.0254,2398256.0,3364413.7
2022-04-13,6.93,7.41,6.8,7.4,238900,0.0678,0.0787,1767860.0,3113431.8
2022-04-14,7.43,7.47,7.12,7.23,261400,-0.0269,-0.023,1889922.0,3032176.4
2022-04-18,7.2,7.37,7.0,7.12,202000,-0.0111,-0.0152,1438240.0,2911283.6
2022-04-19,7.07,7.51,7.01,7.34,304400,0.0382,0.0309,2234296.0,2552846.5
2022-04-20,7.36,7.59,7.25,7.5,378600,0.019,0.0218,2839500.0,2514388.1
2022-04-21,7.6,7.6,7.0,7.11,333300,-0.0645,-0.052,2369763.0,2417033.3
2022-04-22,7.06,7.5,6.83,6.98,292200,-0.0113,-0.0183,2039556.0,2226556.4
2022-04-25,6.9,7.52,6.9,7.48,251400,0.0841,0.0716,1880472.0,2082040.0
2022-04-26,7.19,7.42,6.97,7.02,216500,-0.0236,-0.0615,1519830.0,2060730.0
2022-04-27,7.0,7.45,6.97,7.29,429900,0.0414,0.0385,3133971.0,2037769.5
2022-04-28,7.38,8.23,7.2,7.98,507100,0.0813,0.0947,4046658.0,2111341.0
2022-04-29,7.97,8.19,7.85,8.11,366700,0.0176,0.0163,2973937.0,2339220.8
2022-05-02,8.03,8.3,7.83,8.1,537700,0.0087,-0.0012,4355370.0,2447622.3
2022-05-03,8.23,8.23,7.95,8.16,427200,-0.0085,0.0074,3485952.0,2739335.3
2022-05-04,8.17,8.2,7.66,8.0,523000,-0.0208,-0.0196,4184000.0,2864500.9
2022-05-05,7.85,7.97,7.27,7.4,387500,-0.0573,-0.075,2867500.0,2998950.9
2022-05-06,7.3,7.39,6.63,6.79,532300,-0.0699,-0.0824,3614317.0,3048724.6
2022-05-09,6.52,6.66,5.66,5.78,872400,-0.1135,-0.1487,5042472.0,3206200.7
2022-05-10,6.11,6.3,5.52,5.78,643600,-0.054,0.0,3720008.0,3522400.7
2022-05-11,4.05,6.17,4.05,5.07,1208900,0.2519,-0.1228,6129123.0,3742418.5
2022-05-12,5.0,6.52,4.98,6.04,796800,0.208,0.1913,4812672.0,4041933.7
2022-05-13,6.2,6.51,6.0,6.44,521600,0.0387,0.0662,3359104.0,4118535.1
2022-05-16,6.41,6.96,6.26,6.7,523700,0.0452,0.0404,3508790.0,4157051.8
2022-05-17,7.0,7.24,6.72,7.11,354400,0.0157,0.0612,2519784.0,4072393.8
2022-05-18,6.79,7.6,6.79,7.23,484100,0.0648,0.0169,3500043.0,3975777.0
2022-05-19,7.09,7.21,6.8,6.82,414600,-0.0381,-0.0567,2827572.0,3907381.3
2022-05-20,6.96,7.24,6.92,7.19,295500,0.033,0.0543,2124645.0,3903388.5
2022-05-23,7.33,7.33,6.69,6.78,346200,-0.075,-0.057,2347236.0,3754421.3
2022-05-24,6.66,6.69,6.23,6.51,305700,-0.0225,-0.0398,1990107.0,3484897.7
2022-05-25,6.5,6.84,6.41,6.77,204200,0.0415,0.0399,1382434.0,3311907.6
2022-05-26,6.83,7.17,6.66,6.84,258900,0.0015,0.0103,1770876.0,2837238.7
2022-05-27,6.94,7.21,6.92,7.16,280300,0.0317,0.0468,2006948.0,2533059.1
2022-05-31,7.19,7.47,7.03,7.23,335100,0.0056,0.0098,2422773.0,2397843.5
2022-06-01,7.27,7.49,7.14,7.43,288300,0.022,0.0277,2142069.0,2289241.8
2022-06-02,7.41,7.72,7.26,7.55,282600,0.0189,0.0162,2133630.0,2251470.3
2022-06-03,7.52,7.62,7.26,7.35,284100,-0.0226,-0.0265,2088135.0,2114829.0
2022-06-06,7.5,7.67,6.79,7.07,337400,-0.0573,-0.0381,2385418.0,2040885.3
2022-06-07,6.88,7.0,6.57,6.91,427600,0.0044,-0.0226,2954716.0,2066962.6
2022-06-08,6.85,7.15,6.82,7.09,241300,0.035,0.026,1710817.0,2127710.6
2022-06-09,7.07,7.11,6.7,6.73,280000,-0.0481,-0.0508,1884400.0,2099781.6
2022-06-10,6.56,6.65,6.22,6.36,293000,-0.0305,-0.055,1863480.0,2149978.2
2022-06-13,6.02,6.46,6.02,6.32,422000,0.0498,-0.0063,2667040.0,2159238.6
2022-06-14,6.33,7.12,6.19,6.9,434700,0.09,0.0918,2999430.0,2225247.8
2022-06-15,7.05,7.25,6.89,7.16,461800,0.0156,0.0377,3306488.0,2282913.5
2022-06-16,7.01,7.21,6.48,6.61,587900,-0.0571,-0.0768,3886019.0,2399355.4
2022-06-17,6.72,7.49,6.61,7.21,1507000,0.0729,0.0908,10865470.0,2574594.3
2022-06-21,7.26,7.49,6.85,6.92,540500,-0.0468,-0.0402,3740260.0,3452327.8
2022-06-22,6.79,7.04,6.63,6.7,348800,-0.0133,-0.0318,2336960.0,3587812.0
2022-06-23,6.75,6.92,6.25,6.42,517600,-0.0489,-0.0418,3322992.0,3526036.4
2022-06-24,6.48,6.6,5.66,6.11,4101100,-0.0571,-0.0483,25057721.0,3687253.9
2022-06-27,6.25,6.4,5.83,5.86,460800,-0.0624,-0.0409,2700288.0,6004586.0
2022-06-28,5.93,6.0,5.55,5.57,548700,-0.0607,-0.0495,3056259.0,6088266.8
2022-06-29,5.54,5.59,5.23,5.38,431200,-0.0289,-0.0341,2319856.0,6127188.7
2022-06-30,5.3,5.66,5.26,5.39,318700,0.017,0.0019,1717793.0,6059231.3
2022-07-01,5.37,5.51,5.3,5.5,224800,0.0242,0.0204,1236400.0,5900361.8
2022-07-05,5.34,5.83,5.27,5.82,641900,0.0899,0.0582,3735858.0,5635399.9
2022-07-06,5.81,6.1,5.65,5.71,374500,-0.0172,-0.0189,2138395.0,4922438.7
2022-07-07,5.75,5.89,5.64,5.65,306200,-0.0174,-0.0105,1730030.0,4762252.2
2022-07-08,5.62,5.72,5.37,5.52,266500,-0.0178,-0.023,1471080.0,4701559.2
2022-07-11,5.4,5.5,4.96,5.12,505900,-0.0519,-0.0725,2590208.0,4516368.0
2022-07-12,5.12,5.15,4.8,4.86,452600,-0.0508,-0.0508,2199636.0,2269616.7
2022-07-13,4.8,5.03,4.6,4.69,469800,-0.0229,-0.035,2203362.0,2219551.5
2022-07-14,4.6,4.69,4.47,4.55,446300,-0.0109,-0.0299,2030665.0,2134261.8
2022-07-15,4.63,4.76,4.43,4.76,342400,0.0281,0.0462,1629824.0,2105342.7
2022-07-18,4.79,4.89,4.55,4.58,370000,-0.0438,-0.0378,1694600.0,2096545.8
2022-07-19,4.67,4.82,4.66,4.72,193400,0.0107,0.0306,912848.0,2142365.8
2022-07-20,4.76,5.19,4.75,5.16,377400,0.084,0.0932,1947384.0,1860064.8
2022-07-21,5.09,5.23,5.02,5.21,158600,0.0236,0.0097,826306.0,1840963.7
2022-07-22,5.25,5.25,4.76,4.83,253900,-0.08,-0.0729,1226337.0,1750591.3
2022-07-25,4.85,4.91,4.77,4.84,156700,-0.0021,0.0021,758428.0,1726117.0
2022-07-26,4.84,4.84,4.52,4.62,228300,-0.0455,-0.0455,1054746.0,1542939.0
2022-07-27,4.65,4.83,4.64,4.76,448700,0.0237,0.0303,2135812.0,1428450.0
2022-07-28,4.77,4.88,4.57,4.65,387600,-0.0252,-0.0231,1802340.0,1421695.0
2022-07-29,4.66,4.71,4.46,4.58,485500,-0.0172,-0.0151,2223590.0,1398862.5
2022-08-01,4.51,4.59,4.15,4.57,702800,0.0133,-0.0022,3211796.0,1458239.1
2022-08-02,4.52,4.92,4.52,4.74,584300,0.0487,0.0372,2769582.0,1609958.7
2022-08-03,4.78,5.23,4.66,5.18,550400,0.0837,0.0928,2851072.0,1795632.1
2022-08-04,5.2,5.46,4.97,5.31,933500,0.0212,0.0251,4956885.0,1886000.9
2022-08-05,5.24,5.41,5.01,5.37,479100,0.0248,0.0113,2572767.0,2299058.8
2022-08-08,5.35,5.51,5.17,5.25,373900,-0.0187,-0.0223,1962975.0,2433701.8
2022-08-09,4.95,5.33,4.72,4.76,825400,-0.0384,-0.0933,3928904.0,2554156.5
2022-08-10,5.0,5.03,4.76,4.92,368400,-0.016,0.0336,1812528.0,2841572.3
2022-08-11,4.95,5.68,4.93,5.26,597300,0.0626,0.0691,3141798.0,2809243.9
2022-08-12,5.25,5.36,5.16,5.21,323600,-0.0076,-0.0095,1685956.0,2943189.7
2022-08-15,5.12,5.32,5.1,5.17,238500,0.0098,-0.0077,1233045.0,2889426.3
2022-08-16,5.26,5.28,5.05,5.22,257200,-0.0076,0.0097,1342584.0,2691551.2
2022-08-17,5.14,5.18,4.98,5.13,201600,-0.0019,-0.0172,1034208.0,2548851.4
2022-08-18,5.18,5.26,4.92,5.09,263100,-0.0174,-0.0078,1339179.0,2367165.0
2022-08-19,4.97,4.97,4.8,4.81,200400,-0.0322,-0.055,963924.0,2005394.4
2022-08-22,4.8,4.83,4.57,4.68,285200,-0.025,-0.027,1334736.0,1844510.1
2022-08-23,4.65,4.85,4.65,4.66,188100,0.0022,-0.0043,876546.0,1781686.2
2022-08-24,4.65,4.9,4.65,4.8,166600,0.0323,0.03,799680.0,1476450.4
2022-08-25,4.82,5.05,4.81,5.0,205000,0.0373,0.0417,1025000.0,1375165.6
2022-08-26,5.0,5.0,4.8,4.81,160900,-0.038,-0.038,773929.0,1163485.8
2022-08-29,4.7,4.86,4.68,4.78,175900,0.017,-0.0062,840802.0,1072283.1
2022-08-30,4.82,4.85,4.55,4.57,174100,-0.0519,-0.0439,795637.0,1033058.8
2022-08-31,4.65,4.86,4.62,4.72,346300,0.0151,0.0328,1634536.0,978364.1
2022-09-01,4.69,4.75,4.45,4.61,270800,-0.0171,-0.0233,1248388.0,1038396.9
2022-09-02,4.68,4.74,4.49,4.6,141300,-0.0171,-0.0022,649980.0,1029317.8
2022-09-06,4.58,4.61,4.44,4.52,185800,-0.0131,-0.0174,839816.0,997923.4
2022-09-07,4.52,4.59,4.4,4.49,153900,-0.0066,-0.0066,691011.0,948431.4
2022-09-08,4.45,4.56,4.4,4.47,177300,0.0045,-0.0045,792531.0,929877.9
2022-09-09,4.46,4.54,4.32,4.38,290300,-0.0179,-0.0201,1271514.0,929163.0
2022-09-12,4.4,4.49,4.32,4.37,158500,-0.0068,-0.0023,692645.0,953814.4
2022-09-13,4.25,4.34,4.17,4.18,258000,-0.0165,-0.0435,1078440.0,945686.0
2022-09-14,4.17,4.32,4.05,4.3,272700,0.0312,0.0287,1172610.0,969449.8
2022-09-15,4.25,4.33,4.15,4.21,154100,-0.0094,-0.0209,648761.0,1007147.1
2022-09-16,4.12,4.2,4.05,4.19,520100,0.017,-0.0048,2179219.0,908569.6
2022-09-19,4.12,4.19,4.05,4.17,166800,0.0121,-0.0048,695556.0,1001652.7
2022-09-20,4.11,4.3,4.07,4.25,187700,0.0341,0.0192,797725.0,1006210.3
2022-09-21,4.25,4.44,4.1,4.1,251900,-0.0353,-0.0353,1032790.0,1002001.2
2022-09-22,4.1,4.16,4.0,4.09,288100,-0.0024,-0.0024,1178329.0,1036179.1
2022-09-23,4.01,4.05,3.9,3.94,441100,-0.0175,-0.0367,1737934.0,1074758.9
2022-09-26,3.87,4.02,3.53,3.56,582100,-0.0801,-0.0964,2072276.0,1121400.9
2022-09-27,3.6,3.78,3.53,3.62,211800,0.0056,0.0169,766716.0,1259364.0
2022-09-28,3.6,3.77,3.54,3.72,201900,0.0333,0.0276,751068.0,1228191.6
2022-09-29,3.65,3.68,3.44,3.63,278000,-0.0055,-0.0242,1009140.0,1186037.4
2022-09-30,3.62,3.8,3.58,3.7,261500,0.0221,0.0193,967550.0,1222075.3
2022-10-03,3.72,3.73,3.56,3.65,170900,-0.0188,-0.0135,623785.0,1100908.4
2022-10-04,3.76,4.04,3.75,3.99,225700,0.0612,0.0932,900543.0,1093731.3
2022-10-05,3.96,3.99,3.76,3.88,127800,-0.0202,-0.0276,495864.0,1104013.1
2022-10-06,3.84,3.96,3.79,3.81,145000,-0.0078,-0.018,552450.0,1050320.5
2022-10-07,3.78,3.78,3.4,3.47,194400,-0.082,-0.0892,674568.0,987732.6
2022-10-10,3.45,3.45,3.22,3.34,218000,-0.0319,-0.0375,728120.0,881396.0
2022-10-11,3.35,3.49,3.23,3.38,168100,0.009,0.012,568178.0,746980.4
2022-10-12,3.38,3.44,3.23,3.4,173800,0.0059,0.0059,590920.0,727126.6
2022-10-13,3.31,3.41,3.25,3.36,196000,0.0151,-0.0118,658560.0,711111.8
2022-10-14,3.39,3.47,3.29,3.36,161600,-0.0088,0.0,542976.0,676053.8
2022-10-17,3.37,3.58,3.37,3.44,228600,0.0208,0.0238,786384.0,633596.4
2022-10-18,3.56,3.65,3.47,3.53,123800,-0.0084,0.0262,437014.0,649856.3
2022-10-19,3.53,3.75,3.44,3.64,315700,0.0312,0.0312,1149148.0,603503.4
2022-10-20,3.62,3.8,3.61,3.76,186500,0.0387,0.033,701240.0,668831.8
2022-10-21,3.79,3.88,3.65,3.84,204200,0.0132,0.0213,784128.0,683710.8
2022-10-24,3.87,4.07,3.82,4.06,250300,0.0491,0.0573,1016218.0,694666.8
2022-10-25,4.07,4.61,4.07,4.45,375000,0.0934,0.0961,1668750.0,723476.6
2022-10-26,4.38,4.45,3.95,4.02,353700,-0.0822,-0.0966,1421874.0,833533.8
2022-10-27,4.03,4.03,3.75,3.84,383300,-0.0471,-0.0448,1471872.0,916629.2
2022-10-28,3.89,3.91,3.58,3.87,263800,-0.0051,0.0078,1020906.0,997960.4
2022-10-31,3.83,4.16,3.79,4.0,183800,0.0444,0.0336,735200.0,1045753.4
2022-11-01,4.07,4.12,3.84,3.92,130800,-0.0369,-0.02,512736.0,1040635.0
2022-11-02,3.94,3.94,3.55,3.56,248900,-0.0964,-0.0918,886084.0,1048207.2
2022-11-03,3.5,3.55,3.35,3.48,179800,-0.0057,-0.0225,625704.0,1021900.8
2022-11-04,3.51,3.52,3.27,3.36,115600,-0.0427,-0.0345,388416.0,1014347.2
2022-11-07,3.34,3.47,3.18,3.42,272400,0.024,0.0179,931608.0,974776.0
2022-11-08,3.45,3.45,3.29,3.39,165300,-0.0174,-0.0088,560367.0,966315.0
2022-11-09,3.54,3.54,3.11,3.17,356500,-0.1045,-0.0649,1130105.0,855476.7
2022-11-10,3.29,3.65,3.2,3.51,415500,0.0669,0.1073,1458405.0,826299.8
2022-11-11,3.5,3.9,3.44,3.81,373100,0.0886,0.0855,1421511.0,824953.1
2022-11-14,3.78,3.79,3.29,3.57,415000,-0.0556,-0.063,1481550.0,865013.6
2022-11-15,3.56,3.64,3.17,3.18,487200,-0.1067,-0.1092,1549296.0,939648.6
2022-11-16,3.13,3.16,2.84,2.91,659500,-0.0703,-0.0849,1919145.0,1043304.6
2022-11-17,2.81,2.97,2.75,2.95,379800,0.0498,0.0137,1120410.0,1146610.7
2022-11-18,3.02,3.03,2.81,2.87,211000,-0.0497,-0.0271,605570.0,1196081.3
2022-11-21,2.9,2.93,2.56,2.62,530600,-0.0966,-0.0871,1390172.0,1217796.7
2022-11-22,2.62,2.72,2.51,2.69,333600,0.0267,0.0267,897384.0,1263653.1
2022-11-23,2.68,2.71,2.58,2.68,185300,0.0,-0.0037,496604.0,1297354.8
2022-11-25,2.65,2.71,2.58,2.64,107900,-0.0038,-0.0149,284856.0,1234004.7
2022-11-28,2.59,2.66,2.57,2.59,184500,0.0,-0.0189,477855.0,1116649.8
2022-11-29,2.59,2.65,2.55,2.57,186100,-0.0077,-0.0077,478277.0,1022284.2
2022-11-30,2.59,2.64,2.52,2.59,353300,0.0,0.0078,915047.0,921956.9
2022-12-01,2.6,2.67,2.47,2.49,335400,-0.0423,-0.0386,835146.0,858532.0
2022-12-02,2.45,2.54,2.35,2.41,301900,-0.0163,-0.0321,727579.0,750132.1
2022-12-05,2.42,2.46,2.2,2.31,434900,-0.0455,-0.0415,1004619.0,710849.0
2022-12-06,2.32,2.38,2.22,2.28,234300,-0.0172,-0.013,534204.0,750753.9
2022-12-07,2.28,2.42,2.22,2.28,226700,0.0,0.0,516876.0,665157.1
2022-12-08,2.29,2.42,2.23,2.32,284800,0.0131,0.0175,660736.0,627106.3
2022-12-09,2.32,2.45,2.26,2.37,190200,0.0216,0.0216,450774.0,643519.5
2022-12-12,2.36,2.36,2.1,2.17,491400,-0.0805,-0.0844,1066338.0,660111.3
2022-12-13,2.28,2.38,1.94,2.0,700600,-0.1228,-0.0783,1401200.0,718959.6
2022-12-14,1.97,2.09,1.88,1.93,723300,-0.0203,-0.035,1395969.0,811251.9
2022-12-15,1.85,2.01,1.85,1.91,727600,0.0324,-0.0104,1389716.0,859344.1
2022-12-16,1.88,1.95,1.7,1.85,1765700,-0.016,-0.0314,3266545.0,914801.1
2022-12-19,1.83,1.93,1.79,1.82,377100,-0.0055,-0.0162,686322.0,1168697.7
2022-12-20,1.79,1.96,1.77,1.92,467200,0.0726,0.0549,897024.0,1136868.0
2022-12-21,1.97,1.97,1.83,1.88,469300,-0.0457,-0.0208,882284.0,1173150.0
2022-12-22,1.84,1.84,1.74,1.75,277000,-0.0489,-0.0691,484750.0,1209690.8
2022-12-23,1.78,1.78,1.63,1.69,886500,-0.0506,-0.0343,1498185.0,1192092.2
2022-12-27,1.65,1.67,1.51,1.54,296000,-0.0667,-0.0888,455840.0,1296833.3
2022-12-28,1.51,1.69,1.48,1.56,580900,0.0331,0.013,906204.0,1235783.5
2022-12-29,1.62,1.62,1.47,1.5,656700,-0.0741,-0.0385,985050.0,1186283.9
2022-12-30,1.46,1.6,1.46,1.59,678700,0.089,0.06,1079133.0,1145192.0
2023-01-03,1.59,1.69,1.52,1.54,241200,-0.0314,-0.0314,371448.0,1114133.7
2023-01-04,1.58,1.61,1.5,1.51,159800,-0.0443,-0.0195,241298.0,824624.0
2023-01-05,1.51,1.52,1.42,1.44,255900,-0.0464,-0.0464,368496.0,780121.6
2023-01-06,1.45,1.55,1.38,1.53,382500,0.0552,0.0625,585225.0,727268.8
2023-01-09,1.52,1.66,1.5,1.56,120500,0.0263,0.0196,187980.0,697562.9
2023-01-10,1.57,1.71,1.55,1.67,202000,0.0637,0.0705,337340.0,667885.9
2023-01-11,1.69,1.82,1.66,1.73,373000,0.0237,0.0359,645290.0,551801.4
2023-01-12,1.74,1.82,1.68,1.8,176800,0.0345,0.0405,318240.0,570746.4
2023-01-13,1.82,1.92,1.8,1.88,228500,0.033,0.0444,429580.0,511950.0
2023-01-17,1.9,1.99,1.81,1.85,126600,-0.0263,-0.016,234210.0,456403.0
2023-01-18,1.88,1.94,1.76,1.79,222700,-0.0479,-0.0324,398633.0,371910.7
2023-01-19,1.77,1.82,1.71,1.78,175800,0.0056,-0.0056,312924.0,374629.2
2023-01-20,1.81,1.82,1.73,1.78,144400,-0.0166,0.0,257032.0,381791.8
2023-01-23,1.76,1.86,1.75,1.85,159400,0.0511,0.0393,294890.0,370645.4
2023-01-24,1.84,2.0,1.84,1.93,398500,0.0489,0.0432,769105.0,341611.9
2023-01-25,1.87,1.89,1.78,1.86,279700,-0.0053,-0.0363,520242.0,399724.4
2023-01-26,1.92,1.99,1.83,1.98,394700,0.0312,0.0645,781506.0,418014.6
2023-01-27,1.98,2.09,1.93,2.05,259600,0.0354,0.0354,532180.0,431636.2
2023-01-30,2.05,2.05,1.97,2.0,229500,-0.0244,-0.0244,459000.0,453030.2
2023-01-31,1.96,2.02,1.95,1.99,221500,0.0153,-0.005,440785.0,455972.2
2023-02-01,1.95,2.16,1.95,2.14,237100,0.0974,0.0754,507394.0,476629.7
2023-02-02,2.11,2.28,2.11,2.18,377100,0.0332,0.0187,822078.0,487505.8
2023-02-03,2.13,2.34,2.13,2.21,293200,0.0376,0.0138,647972.0,538421.2
2023-02-06,2.2,2.27,2.15,2.24,370200,0.0182,0.0136,829248.0,577515.2
2023-02-07,2.25,2.44,2.2,2.4,484100,0.0667,0.0714,1161840.0,630951.0
2023-02-08,2.36,2.42,2.29,2.3,350400,-0.0254,-0.0417,805920.0,670224.5
2023-02-09,2.31,2.35,2.04,2.06,405000,-0.1082,-0.1043,834300.0,698792.3
2023-02-10,2.03,2.07,1.97,2.01,154200,-0.0099,-0.0243,309942.0,704071.7
2023-02-13,2.01,2.08,1.92,2.03,359500,0.01,0.01,729785.0,681847.9
2023-02-14,2.15,2.22,1.99,2.16,954000,0.0047,0.064,2060640.0,708926.4
2023-02-15,2.2,2.47,2.13,2.4,723500,0.0909,0.1111,1736400.0,870911.9
2023-02-16,2.4,2.42,2.13,2.17,379200,-0.0958,-0.0958,822864.0,993812.5
2023-02-17,2.23,2.29,2.15,2.21,238200,-0.009,0.0184,526422.0,993891.1
2023-02-21,2.15,2.2,2.0,2.01,325500,-0.0651,-0.0905,654255.0,981736.1
2023-02-22,2.02,2.09,1.93,1.97,356800,-0.0248,-0.0199,702896.0,964236.8
2023-02-23,2.03,2.04,1.89,2.02,172600,-0.0049,0.0254,348652.0,918342.4
2023-02-24,1.95,2.01,1.9,1.93,191300,-0.0103,-0.0446,369209.0,872615.6
2023-02-27,1.92,1.92,1.78,1.81,323200,-0.0573,-0.0622,584992.0,826106.5
2023-02-28,1.8,1.91,1.75,1.88,368300,0.0444,0.0387,692404.0,853611.5
2023-03-01,1.85,1.91,1.78,1.89,223900,0.0216,0.0053,423171.0,849873.4
2023-03-02,1.85,1.88,1.79,1.83,310800,-0.0108,-0.0317,568764.0,686126.5
2023-03-03,1.82,1.91,1.8,1.86,188800,0.022,0.0164,351168.0,569362.9
2023-03-06,1.92,1.99,1.8,1.84,297900,-0.0417,-0.0108,548136.0,522193.3
2023-03-07,1.85,1.91,1.71,1.72,228900,-0.0703,-0.0652,393708.0,524364.7
2023-03-08,1.73,1.76,1.6,1.63,295000,-0.0578,-0.0523,480850.0,498310.0
2023-03-09,1.64,1.67,1.48,1.5,595800,-0.0854,-0.0798,893700.0,476105.4
2023-03-10,1.49,1.54,1.32,1.53,730400,0.0268,0.02,1117512.0,530610.2
2023-03-13,1.5,1.68,1.45,1.58,266900,0.0533,0.0327,421702.0,605440.5
2023-03-14,1.69,1.69,1.47,1.54,507700,-0.0888,-0.0253,781858.0,589111.5
2023-03-15,1.46,1.55,1.41,1.46,211600,0.0,-0.0519,308936.0,598056.9
2023-03-16,1.45,1.52,1.41,1.46,232700,0.0069,0.0,339742.0,586633.4
2023-03-17,1.43,1.43,1.26,1.3,780100,-0.0909,-0.1096,1014130.0,563731.2
2023-03-20,1.27,1.27,1.07,1.16,527500,-0.0866,-0.1077,611900.0,630027.4
2023-03-21,1.19,1.26,1.16,1.24,378900,0.042,0.069,469836.0,636403.8
2023-03-22,1.24,1.29,1.17,1.18,574700,-0.0484,-0.0484,678146.0,644016.6
2023-03-23,1.19,1.21,1.08,1.1,384900,-0.0756,-0.0678,423390.0,663746.2
2023-03-24,1.07,1.12,1.0,1.1,612100,0.028,0.0,673310.0,616715.2
2023-03-27,1.12,1.16,1.01,1.05,242600,-0.0625,-0.0455,254730.0,572295.0
2023-03-28,1.06,1.1,1.03,1.08,329900,0.0189,0.0286,356292.0,555597.8
2023-03-29,1.06,1.11,1.04,1.07,295000,0.0094,-0.0093,315650.0,513041.2
2023-03-30,1.1,1.13,1.05,1.06,210800,-0.0364,-0.0093,223448.0,513712.6
2023-03-31,1.09,1.12,1.01,1.08,228700,-0.0092,0.0189,246996.0,502083.2
2023-04-03,1.08,1.1,0.98,1.04,382900,-0.037,-0.037,398216.0,425369.8
2023-04-04,1.04,1.04,0.97,0.97,329400,-0.0673,-0.0673,319518.0,404001.4
2023-04-05,0.97,0.99,0.89,0.9,793800,-0.0722,-0.0722,714420.0,388969.6
2023-04-06,0.91,1.0,0.78,0.96,769500,0.0549,0.0667,738720.0,392597.0
2023-04-10,0.97,1.03,0.93,0.99,233000,0.0206,0.0312,230670.0,424130.0
2023-04-11,1.02,1.03,0.99,1.01,115700,-0.0098,0.0202,116857.0,379866.0
2023-04-12,1.03,1.03,0.86,0.93,476200,-0.0971,-0.0792,442866.0,366078.7
2023-04-13,0.93,1.04,0.93,1.04,284500,0.1183,0.1183,295880.0,374736.1
2023-04-14,1.04,1.05,0.98,1.02,198100,-0.0192,-0.0192,202062.0,372759.1
2023-04-17,1.02,1.02,0.99,1.02,149400,0.0,0.0,152388.0,370620.5
2023-04-18,1.02,1.02,0.99,1.02,124800,0.0,0.0,127296.0,361159.7
2023-04-19,1.02,1.02,0.96,1.0,105300,-0.0196,-0.0196,105300.0,334067.7
2023-04-20,1.0,1.04,0.93,0.94,231500,-0.06,-0.06,217610.0,312645.9
2023-04-21,0.92,0.97,0.88,0.88,205000,-0.0435,-0.0638,180400.0,262964.9
2023-04-24,0.88,0.88,0.8,0.82,347300,-0.0682,-0.0682,284786.0,207132.9
2023-04-25,0.87,0.94,0.8,0.82,179300,-0.0575,0.0,147026.0,212544.5
2023-04-26,0.81,0.88,0.8,0.87,228800,0.0741,0.061,199056.0,215561.4
2023-04-27,0.84,0.95,0.83,0.94,273600,0.119,0.0805,257184.0,191180.4
2023-04-28,0.94,1.04,0.94,1.0,156700,0.0638,0.0638,156700.0,187310.8
2023-05-01,1.0,1.01,0.94,0.97,90100,-0.03,-0.03,87397.0,182774.6
2023-05-02,0.98,1.01,0.87,0.92,209500,-0.0612,-0.0515,192740.0,176275.5
2023-05-03,0.92,0.98,0.91,0.91,201500,-0.0109,-0.0109,183365.0,182819.9
2023-05-04,0.92,0.92,0.85,0.9,301200,-0.0217,-0.011,271080.0,190626.4
2023-05-05,0.95,1.25,0.91,1.21,704300,0.2737,0.3444,852203.0,195973.4
2023-05-08,1.13,1.25,1.1,1.11,304600,-0.0177,-0.0826,338106.0,263153.7
2023-05-09,1.07,1.26,1.07,1.22,376300,0.1402,0.0991,459086.0,268485.7
2023-05-10,1.26,1.31,1.17,1.25,304100,-0.0079,0.0246,380125.0,299691.7
2023-05-11,1.28,1.28,1.07,1.09,423700,-0.1484,-0.128,461833.0,317798.6
2023-05-12,1.07,1.1,1.05,1.08,222100,0.0093,-0.0092,239868.0,338263.5
2023-05-15,1.06,1.07,0.9,0.93,905500,-0.1226,-0.1389,842115.0,346580.3
2023-05-16,0.93,0.97,0.86,0.87,312600,-0.0645,-0.0645,271962.0,422052.1
2023-05-17,0.89,0.93,0.81,0.85,443400,-0.0449,-0.023,376890.0,429974.3
2023-05-18,0.84,0.95,0.84,0.93,361700,0.1071,0.0941,336381.0,449326.8
2023-05-19,0.95,0.98,0.9,0.92,218600,-0.0316,-0.0108,201112.0,455856.9
2023-05-22,0.92,0.95,0.86,0.91,350600,-0.0109,-0.0109,319046.0,390747.8
2023-05-23,0.89,0.92,0.87,0.89,269800,0.0,-0.022,240122.0,388841.8
2023-05-24,0.88,0.89,0.85,0.86,107400,-0.0227,-0.0337,92364.0,366945.4
2023-05-25,0.86,0.88,0.82,0.82,262400,-0.0465,-0.0465,215168.0,338169.3
2023-05-26,0.82,0.88,0.82,0.83,198000,0.0122,0.0122,164340.0,313502.8
2023-05-30,0.84,0.88,0.8,0.83,225100,-0.0119,0.0,186833.0,305950.0
2023-05-31,0.81,0.88,0.8,0.87,282200,0.0741,0.0482,245514.0,240421.8
2023-06-01,0.85,0.88,0.83,0.86,110100,0.0118,-0.0115,94686.0,237777.0
2023-06-02,0.86,0.93,0.82,0.88,172800,0.0233,0.0233,152064.0,209556.6
2023-06-05,0.87,0.9,0.87,0.9,135800,0.0345,0.0227,122220.0,191124.9
2023-06-06,0.87,0.92,0.81,0.82,275700,-0.0575,-0.0889,226074.0,183235.7
2023-06-07,0.82,0.99,0.81,0.96,255200,0.1707,0.1707,244992.0,173938.5
2023-06-08,0.93,0.95,0.87,0.93,234400,0.0,-0.0312,217992.0,174425.5
2023-06-09,0.94,0.98,0.91,0.96,261300,0.0213,0.0323,250848.0,186988.3
2023-06-12,0.93,0.98,0.92,0.98,158700,0.0538,0.0208,155526.0,190556.3
2023-06-13,0.98,1.1,0.96,1.09,363900,0.1122,0.1122,396651.0,189674.9
2023-06-14,1.1,1.1,1.07,1.07,257100,-0.0273,-0.0183,275097.0,210656.7
2023-06-15,1.06,1.07,1.0,1.01,297500,-0.0472,-0.0561,300475.0,213615.0
2023-06-16,1.02,1.05,0.98,1.03,374000,0.0098,0.0198,385220.0,234193.9
2023-06-20,1.0,1.01,0.97,0.98,205500,-0.02,-0.0485,201390.0,257509.5
2023-06-21,0.97,1.0,0.92,0.95,230100,-0.0206,-0.0306,218595.0,265426.5
2023-06-22,0.96,0.97,0.89,0.95,214100,-0.0104,0.0,203395.0,264678.6
2023-06-23,0.97,1.15,0.95,1.01,4034300,0.0412,0.0632,4074643.0,260518.9
2023-06-26,1.03,1.05,0.9,0.91,468600,-0.1165,-0.099,426426.0,646184.0
2023-06-27,0.92,0.95,0.88,0.88,433900,-0.0435,-0.033,381832.0,663741.8
2023-06-28,0.86,0.89,0.82,0.85,457100,-0.0116,-0.0341,388535.0,686372.4
2023-06-29,0.85,0.89,0.83,0.83,322700,-0.0235,-0.0235,267841.0,685560.8
2023-06-30,0.83,0.91,0.83,0.86,373500,0.0361,0.0361,321210.0,684835.2
2023-07-03,0.88,0.95,0.88,0.9,107100,0.0227,0.0465,96390.0,686908.7
2023-07-05,0.93,0.98,0.9,0.97,339300,0.043,0.0778,329121.0,658025.7
2023-07-06,0.94,0.97,0.87,0.88,193300,-0.0638,-0.0928,170104.0,670798.8
2023-07-07,0.89,1.07,0.89,1.03,245200,0.1573,0.1705,252556.0,665949.7
2023-07-10,1.06,1.2,1.04,1.15,987900,0.0849,0.1165,1136085.0,670865.8
2023-07-11,1.16,1.46,1.16,1.32,859500,0.1379,0.1478,1134540.0,377010.0
2023-07-12,1.39,1.55,1.18,1.22,1497500,-0.1223,-0.0758,1826950.0,447821.4
2023-07-13,1.25,1.47,1.15,1.39,858400,0.112,0.1393,1193176.0,592333.2
