Date,Open,High,Low,Close,Volume,% Day Change,% Previous Change,$ Volume,50D $ Volume
2017-11-24,0.84,0.92,0.84,0.92,21698100,0.0952,,19962252.0,
2017-11-27,0.93,0.99,0.93,0.96,9970900,0.0323,0.0435,9572064.0,
2017-11-28,0.95,0.96,0.9,0.92,3220000,-0.0316,-0.0417,2962400.0,
2017-11-29,0.92,0.92,0.88,0.89,2426600,-0.0326,-0.0326,2159674.0,
2017-11-30,0.89,0.89,0.87,0.88,1398000,-0.0112,-0.0112,1230240.0,
2017-12-01,0.88,0.93,0.88,0.89,2661800,0.0114,0.0114,2369002.0,
2017-12-04,0.89,0.89,0.86,0.86,879300,-0.0337,-0.0337,756198.0,
2017-12-05,0.87,0.87,0.84,0.84,1200400,-0.0345,-0.0233,1008336.0,
2017-12-06,0.84,0.85,0.83,0.83,1713200,-0.0119,-0.0119,1421956.0,
2017-12-07,0.83,0.84,0.81,0.83,2940400,0.0,0.0,2440532.0,
2017-12-08,0.83,0.83,0.81,0.81,761900,-0.0241,-0.0241,617139.0,
2017-12-11,0.82,0.83,0.8,0.81,1293000,-0.0122,0.0,1047330.0,
2017-12-12,0.81,0.82,0.8,0.81,864700,0.0,0.0,700407.0,
2017-12-13,0.81,0.81,0.78,0.79,742400,-0.0247,-0.0247,586496.0,
2017-12-14,0.79,0.79,0.75,0.77,943500,-0.0253,-0.0253,726495.0,
2017-12-15,0.76,0.77,0.75,0.75,423300,-0.0132,-0.026,317475.0,
2017-12-18,0.76,0.8,0.76,0.77,2251700,0.0132,0.0267,1733809.0,
2017-12-19,0.79,0.79,0.76,0.77,776400,-0.0253,0.0,597828.0,
2017-12-20,0.77,0.77,0.77,0.77,65500,0.0,0.0,50435.0,
2017-12-21,0.77,0.79,0.77,0.77,533300,0.0,0.0,410641.0,
2017-12-22,0.78,0.79,0.77,0.78,102700,0.0,0.013,80106.0,
2017-12-26,0.78,0.78,0.75,0.75,405100,-0.0385,-0.0385,303825.0,
2017-12-27,0.75,0.75,0.72,0.74,463800,-0.0133,-0.0133,343212.0,
2017-12-28,0.74,0.74,0.73,0.74,210200,0.0,0.0,155548.0,
2017-12-29,0.74,0.79,0.74,0.79,784900,0.0676,0.0676,620071.0,
2018-01-02,0.79,0.79,0.77,0.78,164800,-0.0127,-0.0127,128544.0,
2018-01-03,0.77,0.81,0.77,0.81,1462500,0.0519,0.0385,1184625.0,
2018-01-04,0.81,0.82,0.81,0.81,621300,0.0,0.0,503253.0,
2018-01-05,0.81,0.81,0.79,0.8,252300,-0.0123,-0.0123,201840.0,
2018-01-08,0.8,0.8,0.8,0.8,23400,0.0,0.0,18720.0,
2018-01-09,0.8,0.8,0.79,0.8,134000,0.0,0.0,107200.0,
2018-01-10,0.79,0.8,0.76,0.76,429200,-0.038,-0.05,326192.0,
2018-01-11,0.76,0.79,0.76,0.77,510200,0.0132,0.0132,392854.0,
2018-01-12,0.77,0.77,0.76,0.76,47600,-0.013,-0.013,36176.0,
2018-01-15,0.77,0.77,0.76,0.76,158300,-0.013,0.0,120308.0,
2018-01-16,0.78,0.78,0.76,0.77,114900,-0.0128,0.0132,88473.0,
2018-01-17,0.77,0.78,0.76,0.76,129400,-0.013,-0.013,98344.0,
2018-01-18,0.76,0.76,0.76,0.76,106500,0.0,0.0,80940.0,
2018-01-19,0.76,0.77,0.76,0.76,70400,0.0,0.0,53504.0,
2018-01-22,0.76,0.77,0.76,0.76,37200,0.0,0.0,28272.0,
2018-01-23,0.76,0.77,0.76,0.77,65400,0.0132,0.0132,50358.0,
2018-01-24,0.77,0.77,0.76,0.77,118700,0.0,0.0,91399.0,
2018-01-25,0.76,0.79,0.76,0.77,306300,0.0132,0.0,235851.0,
2018-01-26,0.78,0.78,0.77,0.77,198400,-0.0128,0.0,152768.0,
2018-01-29,0.77,0.78,0.76,0.77,266400,0.0,0.0,205128.0,
2018-01-30,0.76,0.76,0.76,0.76,16400,0.0,-0.013,12464.0,
2018-01-31,0.77,0.77,0.76,0.76,11100,-0.013,0.0,8436.0,
2018-02-01,0.76,0.76,0.75,0.75,176700,-0.0132,-0.0132,132525.0,
2018-02-02,0.75,0.76,0.75,0.75,214700,0.0,0.0,161025.0,
2018-02-05,0.75,0.75,0.75,0.75,8400,0.0,0.0,6300.0,1131979.4
2018-02-06,0.74,0.74,0.7,0.73,436400,-0.0135,-0.0267,318572.0,739105.8
2018-02-07,0.73,0.75,0.72,0.72,101000,-0.0137,-0.0137,72720.0,549118.92
2018-02-08,0.73,0.74,0.73,0.73,7400,0.0,0.0139,5402.0,489978.96
2018-02-09,0.72,0.72,0.71,0.71,119700,-0.0139,-0.0274,84987.0,448485.22
2018-02-12,0.71,0.71,0.71,0.71,140500,0.0,0.0,99755.0,425875.52
2018-02-13,0.7,0.71,0.7,0.71,58900,0.0143,0.0,41819.0,379331.86
2018-02-14,0.71,0.71,0.7,0.7,43100,-0.0141,-0.0141,30170.0,364811.3
2018-02-15,0.71,0.71,0.7,0.7,12400,-0.0141,0.0,8680.0,344818.18
2018-02-19,0.73,0.81,0.73,0.8,1434700,0.0959,0.1429,1147760.0,339334.26
2018-02-20,0.82,0.82,0.78,0.78,644700,-0.0488,-0.025,502866.0,300580.94
2018-02-21,0.79,0.79,0.78,0.79,111200,0.0,0.0128,87848.0,289995.12
2018-02-22,0.79,0.79,0.77,0.78,93900,-0.0127,-0.0127,73242.0,270513.36
2018-02-23,0.78,0.79,0.77,0.78,126400,0.0,0.0,98592.0,258477.06
2018-02-26,0.78,0.78,0.75,0.76,190000,-0.0256,-0.0256,144400.0,249635.14
2018-02-27,0.76,0.76,0.75,0.75,141500,-0.0132,-0.0132,106125.0,237227.74
2018-02-28,0.75,0.76,0.75,0.75,71100,0.0,0.0,53325.0,231944.74
2018-03-01,0.75,0.75,0.74,0.74,242300,-0.0133,-0.0133,179302.0,200854.6
2018-03-02,0.75,0.77,0.75,0.75,123600,0.0,0.0135,92700.0,190752.04
2018-03-05,0.77,0.8,0.76,0.79,589300,0.026,0.0533,465547.0,199054.28
2018-03-06,0.79,0.79,0.79,0.79,53200,0.0,0.0,42028.0,191682.02
2018-03-07,0.8,0.8,0.78,0.78,634200,-0.025,-0.0127,494676.0,199973.42
2018-03-08,0.78,0.78,0.78,0.78,35000,0.0,0.0,27300.0,194442.92
2018-03-09,0.77,0.78,0.77,0.77,89000,0.0,-0.0128,68530.0,188949.28
2018-03-12,0.78,0.87,0.78,0.83,1879600,0.0641,0.0779,1560068.0,217039.68
2018-03-13,0.84,0.88,0.81,0.82,1366800,-0.0238,-0.012,1120776.0,227053.78
2018-03-14,0.82,0.83,0.82,0.82,60000,0.0,0.0,49200.0,225466.9
2018-03-15,0.82,0.82,0.81,0.81,177500,-0.0122,-0.0122,143775.0,204649.9
2018-03-16,0.81,0.81,0.81,0.81,102400,0.0,0.0,82944.0,196243.72
2018-03-19,0.81,0.81,0.79,0.79,255300,-0.0247,-0.0247,201687.0,196240.66
2018-03-20,0.79,0.79,0.79,0.79,176200,0.0,0.0,139198.0,198650.22
2018-03-21,0.8,0.8,0.79,0.79,49100,-0.0125,0.0,38789.0,197282.0
2018-03-22,0.79,0.79,0.78,0.78,16000,-0.0127,-0.0127,12480.0,191007.76
2018-03-23,0.78,0.78,0.76,0.76,288100,-0.0256,-0.0256,218956.0,187529.8
2018-03-26,0.75,0.76,0.75,0.76,54300,0.0133,0.0,41268.0,187631.64
2018-03-27,0.76,0.77,0.76,0.76,22000,0.0,0.0,16720.0,185559.88
2018-03-28,0.76,0.76,0.75,0.75,56400,-0.0132,-0.0132,42300.0,184636.42
2018-03-29,0.76,0.76,0.76,0.76,7900,0.0,0.0133,6004.0,182789.62
2018-04-02,0.76,0.79,0.76,0.78,244300,0.0263,0.0263,190554.0,184981.9
2018-04-03,0.78,0.79,0.78,0.78,128500,0.0,0.0,100230.0,185916.42
2018-04-04,0.78,0.78,0.74,0.74,182300,-0.0513,-0.0513,134902.0,188049.02
2018-04-05,0.77,0.79,0.77,0.78,119500,0.013,0.0541,93210.0,188906.06
2018-04-06,0.78,0.78,0.77,0.78,30000,0.0,0.0,23400.0,187546.08
2018-04-09,0.77,0.83,0.77,0.82,435900,0.0649,0.0513,357438.0,189977.82
2018-04-10,0.81,0.82,0.81,0.81,235600,0.0,-0.0122,190836.0,190739.18
2018-04-11,0.82,0.82,0.81,0.81,95500,-0.0122,0.0,77355.0,188183.72
2018-04-12,0.81,0.81,0.81,0.81,10900,0.0,0.0,8829.0,188111.02
2018-04-13,0.81,0.82,0.8,0.82,69600,0.0123,0.0123,57072.0,189083.74
2018-04-16,0.81,0.82,0.81,0.82,124200,0.0123,0.0,101844.0,188470.12
2018-04-17,0.82,0.82,0.81,0.81,87300,-0.0122,-0.0122,70713.0,186663.88
2018-04-18,0.82,0.82,0.82,0.82,58600,0.0,0.0123,48052.0,187498.92
2018-04-19,0.82,0.82,0.82,0.82,0,0.0,0.0,0.0,181127.48
2018-04-20,0.81,0.82,0.81,0.81,36200,0.0,-0.0122,29322.0,180259.52
2018-04-23,0.82,0.85,0.82,0.84,605400,0.0244,0.037,508536.0,190322.2
2018-04-24,0.84,0.85,0.82,0.82,218500,-0.0238,-0.0238,179170.0,192205.86
2018-04-25,0.82,0.82,0.81,0.81,106400,-0.0122,-0.0122,86184.0,191934.44
2018-04-26,0.81,0.81,0.81,0.81,42500,0.0,0.0,34425.0,191786.56
2018-04-27,0.81,0.81,0.81,0.81,2600,0.0,0.0,2106.0,191225.28
2018-04-30,0.81,0.81,0.81,0.81,53300,0.0,0.0,43173.0,191915.14
2018-05-02,0.81,0.81,0.8,0.81,37700,0.0,0.0,30537.0,169570.68
2018-05-03,0.81,0.81,0.77,0.77,21000,-0.0494,-0.0494,16170.0,159836.76
2018-05-04,0.8,0.8,0.79,0.79,11000,-0.0125,0.026,8690.0,158253.6
2018-05-07,0.79,0.79,0.79,0.79,0,0.0,0.0,0.0,156788.76
2018-05-08,0.78,0.8,0.76,0.8,172600,0.0256,0.0127,138080.0,157578.52
2018-05-09,0.8,0.8,0.79,0.8,80500,0.0,0.0,64400.0,155978.52
2018-05-10,0.81,0.81,0.81,0.81,5000,0.0,0.0125,4050.0,153937.02
2018-05-11,0.81,0.81,0.81,0.81,0,0.0,0.0,0.0,152870.52
2018-05-14,0.79,0.79,0.78,0.78,92000,-0.0127,-0.037,71760.0,150719.68
2018-05-15,0.78,0.79,0.77,0.77,47100,-0.0128,-0.0128,36267.0,149591.02
2018-05-16,0.77,0.77,0.77,0.77,40100,0.0,0.0,30877.0,140897.62
2018-05-17,0.77,0.78,0.77,0.78,12300,0.013,0.013,9594.0,140248.94
2018-05-18,0.76,0.78,0.76,0.78,31200,0.0263,0.0,24336.0,130842.14
2018-05-21,0.78,0.78,0.78,0.78,0,0.0,0.0,0.0,130296.14
2018-05-22,0.77,0.77,0.77,0.77,77200,0.0,-0.0128,59444.0,130114.42
2018-05-23,0.76,0.76,0.76,0.76,64800,0.0,-0.013,49248.0,99898.02
2018-05-24,0.76,0.76,0.76,0.76,0,0.0,0.0,0.0,77482.5
2018-05-25,0.76,0.76,0.76,0.76,0,0.0,0.0,0.0,76498.5
2018-05-28,0.76,0.76,0.76,0.76,0,0.0,0.0,0.0,73623.0
2018-05-30,0.78,0.78,0.75,0.75,127300,-0.0385,-0.0132,95475.0,73873.62
2018-05-31,0.75,0.75,0.75,0.75,4100,0.0,0.0,3075.0,69901.38
2018-06-01,0.75,0.75,0.75,0.75,0,0.0,0.0,0.0,67117.42
2018-06-04,0.75,0.77,0.75,0.77,5200,0.0267,0.0267,4004.0,66421.72
2018-06-05,0.75,0.75,0.75,0.75,149700,0.0,-0.026,112275.0,68417.62
2018-06-06,0.75,0.75,0.75,0.75,10000,0.0,0.0,7500.0,64188.5
2018-06-07,0.75,0.75,0.75,0.75,10000,0.0,0.0,7500.0,63513.14
2018-06-08,0.77,0.77,0.77,0.77,10000,0.0,0.0267,7700.0,63332.74
2018-06-11,0.77,0.77,0.77,0.77,500,0.0,0.0,385.0,62494.44
2018-06-12,0.77,0.77,0.76,0.76,16300,-0.013,-0.013,12388.0,62622.12
2018-06-13,0.76,0.76,0.76,0.76,0,0.0,0.0,0.0,58811.04
2018-06-14,0.76,0.76,0.76,0.76,0,0.0,0.0,0.0,56806.44
2018-06-18,0.75,0.75,0.74,0.74,12500,-0.0133,-0.0263,9250.0,54293.4
2018-06-19,0.74,0.74,0.72,0.72,80100,-0.027,-0.027,57672.0,53582.64
2018-06-20,0.72,0.75,0.72,0.74,29500,0.0278,0.0278,21830.0,53551.24
2018-06-21,0.73,0.73,0.73,0.73,2400,0.0,-0.0135,1752.0,46437.52
2018-06-22,0.71,0.73,0.71,0.73,269000,0.0282,0.0,196370.0,46548.2
2018-06-25,0.72,0.72,0.72,0.72,20500,0.0,-0.0137,14760.0,45296.3
2018-06-26,0.73,0.74,0.71,0.73,16900,0.0,0.0139,12337.0,45366.46
2018-06-27,0.73,0.73,0.7,0.7,149500,-0.0411,-0.0411,104650.0,46318.02
2018-06-28,0.7,0.71,0.7,0.71,106300,0.0143,0.0143,75473.0,45790.6
2018-06-29,0.7,0.7,0.69,0.7,149100,0.0,-0.0141,104370.0,46463.74
2018-07-02,0.7,0.7,0.7,0.7,3500,0.0,0.0,2450.0,45551.7
2018-07-03,0.7,0.7,0.69,0.69,15000,-0.0143,-0.0143,10350.0,45758.7
2018-07-04,0.69,0.69,0.68,0.68,15600,-0.0145,-0.0145,10608.0,45384.42
2018-07-05,0.69,0.73,0.69,0.73,33100,0.058,0.0735,24163.0,35696.96
2018-07-06,0.71,0.71,0.69,0.69,7600,-0.0282,-0.0548,5244.0,32218.44
2018-07-09,0.7,0.72,0.7,0.72,3300,0.0286,0.0435,2376.0,30542.28
2018-07-10,0.72,0.72,0.72,0.72,0,0.0,0.0,0.0,29853.78
2018-07-11,0.71,0.71,0.69,0.69,8200,-0.0282,-0.0417,5658.0,29924.82
2018-07-12,0.7,0.71,0.7,0.7,25300,0.0,0.0145,17710.0,29415.56
2018-07-13,0.71,0.71,0.69,0.69,43300,-0.0282,-0.0143,29877.0,29402.36
2018-07-16,0.7,0.71,0.7,0.7,26600,0.0,0.0145,18620.0,29451.36
2018-07-17,0.7,0.7,0.7,0.7,0,0.0,0.0,0.0,29277.56
2018-07-18,0.71,0.71,0.7,0.71,464100,0.0,0.0143,329511.0,35867.78
2018-07-19,0.71,0.74,0.71,0.73,6600,0.0282,0.0282,4818.0,33202.54
2018-07-20,0.73,0.73,0.73,0.73,8100,0.0,0.0,5913.0,32032.8
2018-07-23,0.73,0.73,0.72,0.73,9800,0.0,0.0,7154.0,32094.88
2018-07-24,0.73,0.73,0.7,0.7,8100,-0.0411,-0.0411,5670.0,32208.28
2018-07-25,0.7,0.7,0.7,0.7,0,0.0,0.0,0.0,30773.08
2018-07-26,0.71,0.71,0.71,0.71,7000,0.0,0.0143,4970.0,30147.14
2018-07-27,0.73,0.74,0.72,0.72,107900,-0.0137,0.0141,77688.0,31083.36
2018-07-30,0.72,0.72,0.72,0.72,2900,0.0,0.0,2088.0,30933.24
2018-07-31,0.71,0.71,0.7,0.7,34500,-0.0141,-0.0278,24150.0,30929.52
2018-08-01,0.7,0.7,0.7,0.7,0,0.0,0.0,0.0,30929.52
2018-08-02,0.71,0.71,0.69,0.69,1038000,-0.0282,-0.0143,716220.0,44065.04
2018-08-03,0.69,0.69,0.68,0.68,318000,-0.0145,-0.0145,216240.0,47404.88
2018-08-06,0.68,0.68,0.67,0.67,242400,-0.0147,-0.0147,162408.0,50653.04
2018-08-07,0.69,0.7,0.68,0.69,975900,0.0,0.0299,673371.0,64120.46
2018-08-08,0.7,0.72,0.7,0.71,137900,0.0143,0.029,97909.0,66078.64
2018-08-10,0.7,0.7,0.69,0.69,114200,-0.0143,-0.0282,78798.0,65745.1
2018-08-13,0.69,0.7,0.69,0.7,53700,0.0145,0.0145,37590.0,66435.4
2018-08-14,0.7,0.71,0.7,0.7,15700,0.0,0.0,10990.0,66655.2
2018-08-15,0.7,0.7,0.69,0.7,30000,0.0,0.0,21000.0,66995.12
2018-08-16,0.71,0.71,0.69,0.69,27600,-0.0282,-0.0143,19044.0,65130.5
2018-08-17,0.7,0.7,0.68,0.69,73400,-0.0143,0.0,50646.0,65993.42
2018-08-20,0.69,0.7,0.69,0.7,8600,0.0145,0.0145,6020.0,65963.82
2018-08-21,0.69,0.7,0.69,0.69,91600,0.0,-0.0143,63204.0,67073.9
2018-08-23,0.7,0.7,0.69,0.69,65200,-0.0143,0.0,44988.0,67965.96
2018-08-24,0.69,0.7,0.69,0.69,71000,0.0,0.0,48990.0,68698.0
2018-08-27,0.7,0.7,0.69,0.69,27000,-0.0143,0.0,18630.0,69070.6
2018-08-28,0.69,0.7,0.69,0.69,70300,0.0,0.0,48507.0,70040.74
2018-08-29,0.7,0.7,0.68,0.68,5700,-0.0286,-0.0145,3876.0,69933.26
2018-08-30,0.69,0.69,0.68,0.68,40900,-0.0145,0.0,27812.0,69336.06
2018-08-31,0.69,0.69,0.68,0.69,16200,0.0,0.0147,11178.0,69123.02
2018-09-03,0.7,0.71,0.69,0.69,26100,-0.0143,0.0,18009.0,69448.16
2018-09-04,0.7,0.7,0.7,0.7,30400,0.0,0.0145,21280.0,65946.36
2018-09-05,0.7,0.7,0.69,0.69,38300,-0.0143,-0.0143,26427.0,66179.7
2018-09-06,0.69,0.69,0.68,0.69,97900,0.0,0.0,67551.0,67283.98
2018-09-07,0.7,0.7,0.68,0.68,12900,-0.0286,-0.0145,8772.0,65366.42
2018-09-10,0.69,0.7,0.68,0.69,9100,0.0,0.0147,6279.0,63982.54
2018-09-11,0.69,0.69,0.68,0.68,4000,-0.0145,-0.0145,2720.0,61949.54
2018-09-12,0.7,0.71,0.68,0.69,6700,-0.0143,0.0147,4623.0,61993.0
2018-09-13,0.68,0.68,0.68,0.68,15200,0.0,-0.0145,10336.0,61992.72
2018-09-14,0.67,0.68,0.65,0.67,234400,0.0,-0.0147,157048.0,64921.52
2018-09-17,0.67,0.67,0.65,0.65,58900,-0.0299,-0.0299,38285.0,65203.96
2018-09-18,0.64,0.64,0.62,0.62,119800,-0.0312,-0.0462,74276.0,66584.6
2018-09-19,0.62,0.63,0.62,0.63,93800,0.0161,0.0161,59094.0,67718.96
2018-09-20,0.63,0.64,0.62,0.62,37100,-0.0159,-0.0159,23002.0,68179.0
2018-09-21,0.63,0.63,0.62,0.62,95200,-0.0159,0.0,59024.0,69246.32
2018-09-24,0.63,0.64,0.62,0.63,10300,0.0,0.0161,6489.0,69021.9
2018-09-25,0.63,0.63,0.62,0.63,49100,0.0,0.0,30933.0,69043.02
2018-09-26,0.62,0.62,0.62,0.62,25200,0.0,-0.0159,15624.0,68983.1
2018-09-27,0.69,0.69,0.63,0.64,37800,-0.0725,0.0323,24192.0,69466.94
2018-09-28,0.64,0.68,0.64,0.64,71300,0.0,0.0,45632.0,63789.36
2018-10-01,0.64,0.65,0.64,0.64,11500,0.0,0.0,7360.0,63840.2
2018-10-02,0.63,0.64,0.63,0.64,49000,0.0159,0.0,31360.0,64349.14
2018-10-03,0.63,0.64,0.63,0.64,15900,0.0159,0.0,10176.0,64409.58
2018-10-04,0.64,0.64,0.64,0.64,0,0.0,0.0,0.0,64296.18
2018-10-05,0.63,0.63,0.63,0.63,40100,0.0,-0.0156,25263.0,64801.44
2018-10-08,0.64,0.64,0.63,0.63,30000,-0.0156,0.0,18900.0,65080.04
2018-10-09,0.64,0.64,0.63,0.63,52600,-0.0156,0.0,33138.0,64189.04
2018-10-10,0.63,0.63,0.62,0.62,112000,-0.0159,-0.0159,69440.0,65536.08
2018-10-11,0.61,0.61,0.58,0.58,293400,-0.0492,-0.0645,170172.0,68456.52
2018-10-12,0.65,0.65,0.59,0.6,60900,-0.0769,0.0345,36540.0,69187.32
2018-10-15,0.62,0.62,0.61,0.61,124300,-0.0161,0.0167,75823.0,56379.38
2018-10-16,0.6,0.6,0.6,0.6,52200,0.0,-0.0164,31320.0,52680.98
2018-10-17,0.6,0.63,0.6,0.63,53200,0.05,0.05,33516.0,50103.14
2018-10-18,0.62,0.62,0.61,0.62,16200,0.0,-0.0159,10044.0,36836.6
2018-10-19,0.65,0.65,0.62,0.63,48900,-0.0308,0.0161,30807.0,35494.56
2018-10-22,0.62,0.63,0.62,0.63,32300,0.0161,0.0,20349.0,34325.58
2018-10-23,0.62,0.65,0.62,0.62,16800,0.0,-0.0159,10416.0,33782.1
2018-10-24,0.62,0.62,0.62,0.62,1000,0.0,0.0,620.0,33574.7
2018-10-25,0.62,0.62,0.62,0.62,1400,0.0,0.0,868.0,33172.06
2018-10-26,0.62,0.62,0.61,0.61,10300,-0.0161,-0.0161,6283.0,32916.84
2018-10-29,0.61,0.62,0.61,0.62,22800,0.0164,0.0164,14136.0,32186.64
2018-10-30,0.62,0.62,0.62,0.62,0,0.0,0.0,0.0,32066.24
2018-10-31,0.63,0.64,0.63,0.64,77000,0.0159,0.0323,49280.0,31787.76
2018-11-01,0.64,0.64,0.64,0.64,0,0.0,0.0,0.0,30888.0
2018-11-02,0.64,0.64,0.63,0.64,150100,0.0,0.0,96064.0,31829.48
2018-11-05,0.67,0.67,0.64,0.65,137700,-0.0299,0.0156,89505.0,33246.98
2018-11-07,0.65,0.65,0.64,0.64,39900,-0.0154,-0.0154,25536.0,32787.56
2018-11-08,0.64,0.64,0.64,0.64,27900,0.0,0.0,17856.0,33067.16
2018-11-09,0.64,0.65,0.62,0.62,55100,-0.0312,-0.0312,34162.0,33194.16
2018-11-12,0.65,0.65,0.62,0.63,35000,-0.0308,0.0161,22050.0,33411.6
2018-11-13,0.62,0.63,0.61,0.63,37400,0.0161,0.0,23562.0,33522.66
2018-11-14,0.63,0.63,0.63,0.63,1700,0.0,0.0,1071.0,33118.48
2018-11-15,0.63,0.63,0.62,0.62,8100,-0.0159,-0.0159,5022.0,32690.38
2018-11-16,0.63,0.63,0.58,0.59,173700,-0.0635,-0.0484,102483.0,33389.02
2018-11-19,0.59,0.6,0.59,0.59,194900,0.0,0.0,114991.0,35513.4
2018-11-20,0.59,0.59,0.57,0.58,187000,-0.0169,-0.0169,108460.0,37557.02
2018-11-21,0.58,0.58,0.58,0.58,15300,0.0,0.0,8874.0,37680.1
2018-11-22,0.58,0.58,0.57,0.57,31300,-0.0172,-0.0172,17841.0,37944.46
2018-11-23,0.57,0.57,0.57,0.57,2900,0.0,0.0,1653.0,37770.8
2018-11-26,0.57,0.57,0.57,0.57,9000,0.0,0.0,5130.0,34732.44
2018-11-27,0.58,0.58,0.57,0.58,42500,0.0,0.0175,24650.0,34459.74
2018-11-28,0.57,0.57,0.57,0.57,66800,0.0,-0.0172,38076.0,33735.74
2018-11-29,0.57,0.57,0.55,0.56,181900,-0.0175,-0.0175,101864.0,34591.14
2018-11-30,0.56,0.56,0.55,0.55,71700,-0.0179,-0.0179,39435.0,34919.8
2018-12-03,0.56,0.56,0.55,0.56,142100,0.0,0.0182,79576.0,35330.84
2018-12-04,0.55,0.55,0.55,0.55,9300,0.0,-0.0179,5115.0,35303.36
2018-12-05,0.56,0.56,0.56,0.56,10400,0.0,0.0182,5824.0,34801.18
2018-12-06,0.55,0.57,0.52,0.57,83700,0.0364,0.0179,47709.0,35442.88
2018-12-07,0.56,0.56,0.55,0.55,27600,-0.0179,-0.0351,15180.0,35262.64
2018-12-10,0.54,0.55,0.54,0.54,25000,0.0,-0.0182,13500.0,34620.0
2018-12-11,0.54,0.54,0.54,0.54,0,0.0,0.0,0.0,34472.8
2018-12-12,0.57,0.57,0.52,0.52,26700,-0.0877,-0.037,13884.0,34123.28
2018-12-13,0.52,0.52,0.51,0.51,11000,-0.0192,-0.0192,5610.0,34031.96
2018-12-14,0.51,0.51,0.51,0.51,39800,0.0,0.0,20298.0,34437.92
2018-12-17,0.51,0.51,0.51,0.51,15600,0.0,0.0,7956.0,34091.78
2018-12-18,0.5,0.51,0.5,0.51,212100,0.02,0.0,108171.0,35877.2
2018-12-19,0.52,0.52,0.52,0.52,6200,0.0,0.0196,3224.0,35278.92
2018-12-20,0.51,0.51,0.5,0.51,21800,0.0,-0.0192,11118.0,34112.48
2018-12-21,0.51,0.51,0.51,0.51,50000,0.0,0.0,25500.0,31219.04
2018-12-24,0.51,0.52,0.51,0.51,11700,0.0,0.0,5967.0,30607.58
2018-12-26,0.51,0.51,0.5,0.51,23400,0.0,0.0,11934.0,29329.8
2018-12-27,0.54,0.54,0.51,0.51,16000,-0.0556,0.0,8160.0,28866.6
2018-12-28,0.51,0.51,0.51,0.51,0,0.0,0.0,0.0,28196.28
2018-12-31,0.52,0.53,0.51,0.51,6000,-0.0192,0.0,3060.0,28056.6
2019-01-01,0.51,0.51,0.51,0.51,0,0.0,0.0,0.0,27440.46
2019-01-02,0.52,0.52,0.51,0.51,54400,-0.0192,0.0,27744.0,27588.36
2019-01-03,0.52,0.53,0.51,0.51,20700,-0.0192,0.0,10557.0,27591.18
2019-01-04,0.51,0.51,0.51,0.51,0,0.0,0.0,0.0,27578.78
2019-01-07,0.62,0.62,0.51,0.51,51700,-0.1774,0.0,26367.0,28088.76
2019-01-08,0.51,0.51,0.51,0.51,13200,0.0,0.0,6732.0,28097.74
2019-01-09,0.5,0.51,0.5,0.51,20700,0.02,0.0,10557.0,28026.16
2019-01-10,0.51,0.51,0.51,0.51,36200,0.0,0.0,18462.0,28395.4
2019-01-11,0.51,0.51,0.5,0.5,34000,-0.0196,-0.0196,17000.0,27749.8
2019-01-14,0.5,0.5,0.5,0.5,61000,0.0,0.0,30500.0,28359.8
2019-01-15,0.5,0.5,0.5,0.5,0,0.0,0.0,0.0,26438.52
2019-01-16,0.51,0.51,0.5,0.5,39100,-0.0196,0.0,19550.0,25039.42
2019-01-17,0.5,0.5,0.5,0.5,27200,0.0,0.0,13600.0,24800.7
2019-01-18,0.51,0.51,0.5,0.5,25400,-0.0196,0.0,12700.0,24697.58
2019-01-21,0.5,0.52,0.5,0.51,23500,0.02,0.02,11985.0,24254.04
2019-01-22,0.5,0.5,0.5,0.5,12000,0.0,-0.0196,6000.0,23933.04
2019-01-23,0.5,0.51,0.5,0.5,9500,0.0,0.0,4750.0,23556.8
2019-01-24,0.51,0.51,0.5,0.5,29300,-0.0196,0.0,14650.0,23828.38
2019-01-25,0.5,0.55,0.5,0.5,47000,0.0,0.0,23500.0,24197.94
2019-01-28,0.54,0.54,0.51,0.51,47000,-0.0556,0.02,23970.0,22627.68
2019-01-29,0.51,0.51,0.51,0.51,0,0.0,0.0,0.0,20327.86
2019-01-30,0.51,0.51,0.51,0.51,700,0.0,0.0,357.0,18165.8
2019-01-31,0.5,0.5,0.5,0.5,169300,0.0,-0.0196,84650.0,19681.32
2019-02-01,0.51,0.51,0.5,0.5,70500,-0.0196,0.0,35250.0,20029.5
2019-02-04,0.51,0.52,0.51,0.52,2600,0.0196,0.04,1352.0,20023.48
2019-02-05,0.52,0.52,0.52,0.52,0,0.0,0.0,0.0,19920.88
2019-02-07,0.52,0.54,0.52,0.53,35500,0.0192,0.0192,18815.0,19804.18
2019-02-08,0.53,0.53,0.53,0.53,0,0.0,0.0,0.0,19042.66
2019-02-11,0.53,0.56,0.53,0.56,131000,0.0566,0.0566,73360.0,18472.58
2019-02-12,0.56,0.56,0.55,0.55,80400,-0.0179,-0.0179,44220.0,18568.28
2019-02-13,0.55,0.55,0.55,0.55,0,0.0,0.0,0.0,16976.76
2019-02-14,0.54,0.54,0.54,0.54,2000,0.0,-0.0182,1080.0,16896.06
2019-02-15,0.54,0.54,0.54,0.54,16000,0.0,0.0,8640.0,16952.38
2019-02-18,0.55,0.55,0.54,0.54,37500,-0.0182,0.0,20250.0,16403.2
2019-02-19,0.54,0.54,0.54,0.54,0,0.0,0.0,0.0,16099.6
2019-02-20,0.55,0.55,0.54,0.54,18100,-0.0182,0.0,9774.0,16025.08
2019-02-21,0.53,0.54,0.51,0.54,27600,0.0189,0.0,14904.0,16323.16
2019-02-22,0.54,0.54,0.54,0.54,0,0.0,0.0,0.0,16045.48
2019-02-25,0.55,0.55,0.54,0.54,29400,-0.0182,0.0,15876.0,16250.8
2019-02-26,0.54,0.54,0.54,0.54,0,0.0,0.0,0.0,15844.84
2019-02-27,0.55,0.58,0.55,0.56,54600,0.0182,0.037,30576.0,16297.24
2019-02-28,0.56,0.63,0.56,0.61,419900,0.0893,0.0893,256139.0,19256.6
2019-03-01,0.61,0.63,0.58,0.62,170900,0.0164,0.0164,105958.0,21311.28
2019-03-04,0.63,0.65,0.63,0.64,142100,0.0159,0.0323,90944.0,22907.8
2019-03-05,0.64,0.65,0.63,0.64,96000,0.0,0.0,61440.0,23626.6
2019-03-06,0.63,0.63,0.63,0.63,30400,0.0,-0.0156,19152.0,23890.3
2019-03-07,0.63,0.63,0.61,0.62,27700,-0.0159,-0.0159,17174.0,23995.1
2019-03-08,0.61,0.61,0.58,0.59,110800,-0.0328,-0.0484,65372.0,25139.34
2019-03-11,0.6,0.61,0.6,0.61,66200,0.0167,0.0339,40382.0,25946.98
2019-03-12,0.63,0.63,0.61,0.61,22900,-0.0317,0.0,13969.0,26165.16
2019-03-13,0.61,0.61,0.61,0.61,0,0.0,0.0,0.0,26165.16
2019-03-14,0.62,0.62,0.62,0.62,20000,0.0,0.0164,12400.0,25858.28
2019-03-15,0.61,0.62,0.61,0.62,13200,0.0164,0.0,8184.0,25810.82
2019-03-18,0.65,0.65,0.61,0.61,10700,-0.0615,-0.0161,6527.0,25941.36
2019-03-19,0.63,0.63,0.62,0.62,22500,-0.0159,0.0164,13950.0,25693.02
2019-03-20,0.63,0.63,0.62,0.62,19000,-0.0159,0.0,11780.0,25793.98
2019-03-21,0.62,0.62,0.62,0.62,0,0.0,0.0,0.0,25582.84
2019-03-22,0.62,0.62,0.61,0.61,46000,-0.0161,-0.0161,28060.0,25774.8
2019-03-25,0.61,0.61,0.61,0.61,0,0.0,0.0,0.0,25434.8
2019-03-26,0.62,0.62,0.62,0.62,4000,0.0,0.0164,2480.0,24874.4
2019-03-27,0.62,0.63,0.61,0.63,21100,0.0161,0.0161,13293.0,25140.26
2019-03-28,0.63,0.67,0.62,0.65,125900,0.0317,0.0317,81835.0,26385.96
2019-03-29,0.66,0.67,0.66,0.67,90900,0.0152,0.0308,60903.0,27332.02
2019-04-01,0.68,0.69,0.67,0.68,110300,0.0,0.0149,75004.0,28578.1
2019-04-02,0.68,0.68,0.65,0.65,150700,-0.0441,-0.0441,97955.0,30297.5
2019-04-03,0.66,0.69,0.66,0.67,41900,0.0152,0.0308,28073.0,30738.96
2019-04-04,0.68,0.68,0.65,0.65,80800,-0.0441,-0.0299,52520.0,31694.36
2019-04-05,0.65,0.68,0.65,0.65,17100,0.0,0.0,11115.0,31623.66
2019-04-08,0.67,0.69,0.67,0.69,194700,0.0299,0.0615,134343.0,33840.52
2019-04-09,0.69,0.69,0.69,0.69,134700,0.0,0.0,92943.0,35219.98
2019-04-10,0.69,0.69,0.69,0.69,15700,0.0,0.0,10833.0,35436.64
2019-04-11,0.69,0.69,0.67,0.68,13900,-0.0145,-0.0145,9452.0,35618.54
2019-04-12,0.68,0.68,0.68,0.68,0,0.0,0.0,0.0,33925.54
2019-04-15,0.68,0.69,0.68,0.68,112700,0.0,0.0,76636.0,34753.26
2019-04-16,0.68,0.69,0.68,0.68,121400,0.0,0.0,82552.0,36377.26
2019-04-17,0.68,0.69,0.67,0.68,271900,0.0,0.0,184892.0,40075.1
2019-04-18,0.68,0.69,0.68,0.68,14000,0.0,0.0,9520.0,39889.2
2019-04-22,0.67,0.68,0.67,0.67,41800,0.0,-0.0147,28006.0,40449.32
2019-04-23,0.68,0.68,0.68,0.68,4000,0.0,0.0149,2720.0,39036.52
2019-04-24,0.67,0.68,0.66,0.68,10000,0.0149,0.0,6800.0,38288.12
2019-04-25,0.68,0.68,0.68,0.68,40000,0.0,0.0,27200.0,38832.12
2019-04-26,0.68,0.68,0.67,0.67,31500,-0.0147,-0.0147,21105.0,39232.62
2019-04-29,0.67,0.69,0.67,0.69,212300,0.0299,0.0299,146487.0,41989.56
2019-04-30,0.69,0.69,0.69,0.69,40700,0.0,0.0,28083.0,42146.22
2019-05-02,0.69,0.7,0.69,0.69,89400,0.0,0.0,61686.0,43379.94
2019-05-03,0.69,0.69,0.69,0.69,4000,0.0,0.0,2760.0,43239.66
2019-05-06,0.69,0.69,0.67,0.67,47400,-0.029,-0.029,31758.0,43576.74
2019-05-07,0.69,0.69,0.67,0.69,15900,0.0,0.0299,10971.0,43796.16
2019-05-08,0.7,0.7,0.69,0.69,4000,-0.0143,0.0,2760.0,43533.84
2019-05-09,0.69,0.69,0.67,0.68,57400,-0.0145,-0.0145,39032.0,44314.48
2019-05-10,0.76,0.76,0.68,0.68,6500,-0.1053,0.0,4420.0,43791.36
2019-05-13,0.68,0.68,0.66,0.66,15200,-0.0294,-0.0294,10032.0,38869.22
2019-05-14,0.65,0.65,0.64,0.64,71400,-0.0154,-0.0303,45696.0,37663.98
2019-05-15,0.65,0.67,0.65,0.66,26400,0.0154,0.0312,17424.0,36193.58
2019-05-16,0.66,0.66,0.66,0.66,40000,0.0,0.0,26400.0,35492.78
2019-05-17,0.67,0.67,0.66,0.67,52200,0.0,0.0152,34974.0,35809.22
2019-05-21,0.66,0.66,0.66,0.66,12400,0.0,-0.0149,8184.0,35629.42
2019-05-22,0.66,0.66,0.66,0.66,4000,0.0,0.0,2640.0,34374.78
2019-05-23,0.65,0.65,0.63,0.64,29500,-0.0154,-0.0303,18880.0,33944.74
2019-05-24,0.63,0.64,0.61,0.64,169100,0.0159,0.0,108224.0,35829.84
2019-05-27,0.64,0.67,0.63,0.63,15200,-0.0156,-0.0156,9576.0,36021.36
2019-05-28,0.64,0.65,0.63,0.65,21000,0.0156,0.0317,13650.0,36046.36
2019-05-29,0.67,0.67,0.66,0.66,6400,-0.0149,0.0154,4224.0,35967.16
2019-05-30,0.66,0.66,0.64,0.65,60000,-0.0152,-0.0152,39000.0,36616.62
2019-05-31,0.65,0.65,0.65,0.65,30000,0.0,0.0,19500.0,36727.62
2019-06-03,0.64,0.65,0.64,0.64,54700,0.0,-0.0154,35008.0,37192.18
2019-06-04,0.64,0.64,0.64,0.64,0,0.0,0.0,0.0,37192.18
2019-06-06,0.63,0.63,0.63,0.63,9000,0.0,-0.0156,5670.0,36744.38
2019-06-07,0.65,0.65,0.64,0.64,2500,-0.0154,0.0159,1600.0,36776.38
2019-06-10,0.63,0.63,0.63,0.63,15900,0.0,-0.0156,10017.0,36927.12
2019-06-11,0.63,0.64,0.62,0.62,176300,-0.0159,-0.0159,109306.0,38847.38
2019-06-12,0.63,0.64,0.63,0.64,3200,0.0159,0.0323,2048.0,37251.64
2019-06-13,0.64,0.64,0.64,0.64,0,0.0,0.0,0.0,36033.58
2019-06-14,0.64,0.64,0.64,0.64,0,0.0,0.0,0.0,34533.5
2019-06-17,0.64,0.64,0.62,0.63,21900,-0.0156,-0.0156,13797.0,32850.34
2019-06-18,0.64,0.64,0.63,0.63,4600,-0.0156,0.0,2898.0,32346.84
2019-06-19,0.64,0.64,0.63,0.64,2700,0.0,0.0159,1728.0,31331.0
2019-06-20,0.64,0.64,0.64,0.64,0,0.0,0.0,0.0,31108.7
2019-06-21,0.64,0.64,0.63,0.63,50700,-0.0156,-0.0156,31941.0,29060.66
2019-06-24,0.64,0.64,0.62,0.62,91400,-0.0312,-0.0159,56668.0,28335.16
2019-06-25,0.62,0.62,0.61,0.61,46300,-0.0161,-0.0161,28243.0,28683.36
2019-06-26,0.61,0.62,0.61,0.61,62400,0.0,0.0,38064.0,29255.6
2019-06-27,0.61,0.62,0.61,0.62,38600,0.0164,0.0164,23932.0,29734.24
2019-06-28,0.61,0.62,0.61,0.62,8300,0.0164,0.0,5146.0,28304.44
2019-07-01,0.62,0.63,0.62,0.63,12200,0.0161,0.0161,7686.0,26807.12
2019-07-02,0.63,0.63,0.63,0.63,0,0.0,0.0,0.0,23109.28
2019-07-03,0.63,0.63,0.62,0.62,1500,-0.0159,-0.0159,930.0,22937.48
2019-07-04,0.63,0.64,0.62,0.64,21100,0.0159,0.0323,13504.0,22647.44
2019-07-05,0.63,0.63,0.62,0.63,13600,0.0,-0.0156,8568.0,22764.4
2019-07-08,0.62,0.62,0.62,0.62,10400,0.0,-0.0159,6448.0,22757.36
2019-07-09,0.62,0.62,0.62,0.62,2600,0.0,0.0,1612.0,22245.6
2019-07-10,0.62,0.62,0.62,0.62,0,0.0,0.0,0.0,21823.5
2019-07-11,0.63,0.64,0.63,0.63,21000,0.0,0.0161,13230.0,19158.36
2019-07-12,0.63,0.63,0.63,0.63,15000,0.0,0.0,9450.0,18785.7
2019-07-15,0.62,0.62,0.62,0.62,60500,0.0,-0.0159,37510.0,18302.18
2019-07-16,0.62,0.62,0.61,0.61,91800,-0.0161,-0.0161,55998.0,19366.94
2019-07-17,0.62,0.62,0.62,0.62,2800,0.0,0.0164,1736.0,18766.5
2019-07-18,0.62,0.62,0.62,0.62,0,0.0,0.0,0.0,18547.08
2019-07-19,0.62,0.62,0.62,0.62,19000,0.0,0.0,11780.0,18727.48
2019-07-22,0.62,0.62,0.62,0.62,5900,0.0,0.0,3658.0,18020.0
2019-07-23,0.62,0.62,0.62,0.62,0,0.0,0.0,0.0,17931.6
2019-07-24,0.62,0.62,0.62,0.62,0,0.0,0.0,0.0,17730.96
2019-07-25,0.62,0.62,0.62,0.62,15000,0.0,0.0,9300.0,17003.04
2019-07-26,0.62,0.62,0.62,0.62,0,0.0,0.0,0.0,16654.56
2019-07-29,0.62,0.62,0.62,0.62,0,0.0,0.0,0.0,16126.56
2019-07-30,0.62,0.62,0.62,0.62,0,0.0,0.0,0.0,15427.08
2019-07-31,0.62,0.63,0.62,0.63,515700,0.0161,0.0161,324891.0,21761.22
2019-08-01,0.63,0.63,0.6,0.61,24500,-0.0317,-0.0317,14945.0,22007.32
2019-08-02,0.61,0.61,0.61,0.61,49000,0.0,0.0,29890.0,22227.52
2019-08-05,0.61,0.61,0.6,0.6,25000,-0.0164,-0.0164,15000.0,20363.04
2019-08-06,0.59,0.6,0.58,0.6,19000,0.0169,0.0,11400.0,20399.52
2019-08-07,0.6,0.6,0.56,0.57,112900,-0.05,-0.05,64353.0,21413.58
2019-08-08,0.61,0.61,0.56,0.56,232200,-0.082,-0.0175,130032.0,23929.74
2019-08-13,0.55,0.55,0.55,0.55,100000,0.0,-0.0179,55000.0,24249.74
2019-08-14,0.54,0.54,0.54,0.54,50000,0.0,-0.0182,27000.0,24399.74
2019-08-15,0.53,0.53,0.51,0.51,287000,-0.0377,-0.0556,146370.0,26626.98
2019-08-16,0.51,0.52,0.51,0.52,127500,0.0196,0.0196,66300.0,27952.98
2019-08-19,0.51,0.51,0.51,0.51,109100,0.0,-0.0192,55641.0,28952.4
2019-08-20,0.52,0.52,0.51,0.51,83600,-0.0192,0.0,42636.0,29773.12
2019-08-21,0.52,0.52,0.52,0.52,2000,0.0,0.0196,1040.0,29593.58
2019-08-22,0.51,0.52,0.51,0.52,66200,0.0196,0.0,34424.0,28095.94
2019-08-23,0.52,0.52,0.51,0.51,49400,-0.0192,-0.0192,25194.0,28558.86
2019-08-26,0.52,0.53,0.52,0.52,41400,0.0,0.0196,21528.0,28989.42
2019-08-27,0.51,0.54,0.51,0.54,11100,0.0588,0.0385,5994.0,29109.3
2019-08-28,0.54,0.54,0.54,0.54,33000,0.0,0.0,17820.0,29189.76
2019-08-29,0.54,0.55,0.54,0.55,45500,0.0185,0.0185,25025.0,29632.3
2019-08-30,0.55,0.56,0.55,0.56,39400,0.0182,0.0182,22064.0,30039.02
2019-09-02,0.56,0.56,0.56,0.56,46100,0.0,0.0,25816.0,30555.34
2019-09-03,0.57,0.57,0.55,0.55,33200,-0.0351,-0.0179,18260.0,30281.72
2019-09-04,0.56,0.58,0.56,0.58,2400,0.0357,0.0545,1392.0,29176.2
2019-09-05,0.58,0.58,0.58,0.58,0,0.0,0.0,0.0,28611.34
2019-09-06,0.6,0.6,0.59,0.59,5800,-0.0167,0.0172,3422.0,27918.5
2019-09-09,0.59,0.59,0.59,0.59,600,0.0,0.0,354.0,27446.94
2019-09-10,0.58,0.58,0.58,0.58,1100,0.0,-0.0169,638.0,27356.78
2019-09-11,0.58,0.58,0.58,0.58,0,0.0,0.0,0.0,27203.06
2019-09-12,0.57,0.57,0.57,0.57,1100,0.0,-0.0172,627.0,27215.6
2019-09-13,0.57,0.57,0.57,0.57,500,0.0,0.0,285.0,27202.7
2019-09-16,0.56,0.56,0.55,0.55,10000,-0.0179,-0.0351,5500.0,27042.62
2019-09-17,0.55,0.55,0.55,0.55,12000,0.0,0.0,6600.0,27003.26
2019-09-18,0.56,0.56,0.55,0.55,5500,-0.0179,0.0,3025.0,26934.8
2019-09-19,0.55,0.55,0.55,0.55,3500,0.0,0.0,1925.0,26941.06
2019-09-20,0.55,0.55,0.55,0.55,0,0.0,0.0,0.0,26941.06
2019-09-23,0.55,0.55,0.55,0.55,0,0.0,0.0,0.0,26676.46
2019-09-24,0.54,0.55,0.54,0.55,89200,0.0185,0.0,49060.0,27468.66
2019-09-25,0.54,0.54,0.54,0.54,2000,0.0,-0.0182,1080.0,26740.06
2019-09-26,0.55,0.55,0.55,0.55,22200,0.0,0.0185,12210.0,25864.3
2019-09-27,0.55,0.57,0.54,0.57,55800,0.0364,0.0364,31806.0,26465.7
2019-09-30,0.56,0.58,0.55,0.58,101100,0.0357,0.0175,58638.0,27638.46
2019-10-01,0.58,0.58,0.58,0.58,2000,0.0,0.0,1160.0,27426.06
2019-10-02,0.58,0.58,0.58,0.58,0,0.0,0.0,0.0,27352.9
2019-10-03,0.57,0.57,0.57,0.57,2000,0.0,-0.0172,1140.0,27375.7
2019-10-04,0.57,0.57,0.57,0.57,1200,0.0,0.0,684.0,27389.38
2019-10-07,0.57,0.57,0.57,0.57,0,0.0,0.0,0.0,27203.38
2019-10-08,0.56,0.56,0.56,0.56,1500,0.0,-0.0175,840.0,27220.18
2019-10-09,0.56,0.56,0.56,0.56,23200,0.0,0.0,12992.0,27480.02
2019-10-10,0.56,0.56,0.52,0.52,162400,-0.0714,-0.0714,84448.0,29168.98
2019-10-11,0.54,0.54,0.52,0.53,94700,-0.0185,0.0192,50191.0,23674.98
2019-10-14,0.53,0.53,0.5,0.5,171500,-0.0566,-0.0566,85750.0,25091.08
2019-10-15,0.5,0.56,0.5,0.54,409000,0.08,0.08,220860.0,28910.48
2019-10-16,0.54,0.54,0.52,0.52,31000,-0.037,-0.037,16120.0,28932.88
2019-10-17,0.52,0.52,0.52,0.52,22000,0.0,0.0,11440.0,28933.68
2019-10-18,0.52,0.52,0.52,0.52,0,0.0,0.0,0.0,27646.62
2019-10-21,0.54,0.54,0.54,0.54,600,0.0,0.0385,324.0,25052.46
2019-10-22,0.54,0.54,0.54,0.54,0,0.0,0.0,0.0,23952.46
2019-10-23,0.52,0.52,0.51,0.51,8200,-0.0192,-0.0556,4182.0,23496.1
2019-10-24,0.51,0.51,0.51,0.51,15000,0.0,0.0,7650.0,20721.7
2019-10-25,0.51,0.51,0.51,0.51,0,0.0,0.0,0.0,19395.7
2019-10-29,0.52,0.52,0.5,0.52,66900,0.0,0.0196,34788.0,18978.64
2019-10-30,0.52,0.54,0.51,0.54,28400,0.0385,0.0385,15336.0,18432.64
2019-10-31,0.53,0.55,0.53,0.55,113400,0.0377,0.0185,62370.0,19659.24
2019-11-01,0.55,0.55,0.55,0.55,208600,0.0,0.0,114730.0,21265.36
2019-11-04,0.55,0.55,0.55,0.55,0,0.0,0.0,0.0,20761.48
2019-11-05,0.55,0.55,0.55,0.55,0,0.0,0.0,0.0,20330.92
2019-11-06,0.55,0.55,0.55,0.55,0,0.0,0.0,0.0,20211.04
2019-11-07,0.55,0.55,0.55,0.55,20000,0.0,0.0,11000.0,20074.64
2019-11-08,0.55,0.55,0.51,0.52,77900,-0.0545,-0.0545,40508.0,20384.3
2019-11-11,0.52,0.52,0.51,0.51,23900,-0.0192,-0.0192,12189.0,20186.8
2019-11-12,0.52,0.54,0.52,0.54,3200,0.0385,0.0588,1728.0,19705.04
2019-11-13,0.52,0.52,0.5,0.5,6300,-0.0385,-0.0741,3150.0,19402.84
2019-11-14,0.5,0.52,0.5,0.51,106100,0.02,0.02,54111.0,20457.22
2019-11-15,0.51,0.51,0.51,0.51,0,0.0,0.0,0.0,20457.22
2019-11-18,0.51,0.51,0.51,0.51,0,0.0,0.0,0.0,20388.78
2019-11-19,0.5,0.51,0.5,0.51,52300,0.02,0.0,26673.0,20915.16
2019-11-20,0.52,0.52,0.51,0.51,19600,-0.0192,0.0,9996.0,21102.32
2019-11-21,0.51,0.51,0.51,0.51,0,0.0,0.0,0.0,21102.32
2019-11-22,0.51,0.51,0.51,0.51,500,0.0,0.0,255.0,21094.88
2019-11-25,0.52,0.54,0.52,0.54,22200,0.0385,0.0588,11988.0,21328.94
2019-11-26,0.53,0.53,0.53,0.53,2500,0.0,-0.0185,1325.0,21245.44
2019-11-27,0.53,0.53,0.53,0.53,0,0.0,0.0,0.0,21113.44
2019-11-28,0.53,0.53,0.52,0.52,25000,-0.0189,-0.0189,13000.0,21312.94
2019-11-29,0.52,0.52,0.52,0.52,0,0.0,0.0,0.0,21274.44
2019-12-02,0.52,0.52,0.52,0.52,0,0.0,0.0,0.0,21274.44
2019-12-03,0.51,0.52,0.51,0.52,8600,0.0196,0.0,4472.0,21363.88
2019-12-04,0.51,0.51,0.51,0.51,5000,0.0,-0.0192,2550.0,20433.68
2019-12-05,0.51,0.51,0.51,0.51,0,0.0,0.0,0.0,20412.08
2019-12-06,0.51,0.51,0.5,0.5,144000,-0.0196,-0.0196,72000.0,21607.88
2019-12-09,0.52,0.52,0.38,0.49,446100,-0.0577,-0.02,218589.0,25343.54
2019-12-10,0.49,0.5,0.44,0.46,208200,-0.0612,-0.0612,95772.0,26086.22
2019-12-11,0.46,0.49,0.46,0.47,104900,0.0217,0.0217,49303.0,27049.08
2019-12-12,0.47,0.48,0.46,0.46,97400,-0.0213,-0.0213,44804.0,27945.16
2019-12-13,0.46,0.48,0.44,0.44,374000,-0.0435,-0.0435,164560.0,31213.56
2019-12-16,0.45,0.47,0.45,0.46,42900,0.0222,0.0455,19734.0,31594.56
2019-12-17,0.44,0.46,0.44,0.46,193500,0.0455,0.0,89010.0,33374.76
2019-12-18,0.46,0.46,0.46,0.46,24300,0.0,0.0,11178.0,33581.52
2019-12-19,0.46,0.46,0.44,0.45,99300,-0.0217,-0.0217,44685.0,34215.38
2019-12-20,0.45,0.45,0.45,0.45,0,0.0,0.0,0.0,32526.42
2019-12-23,0.46,0.46,0.46,0.46,9000,0.0,0.0222,4140.0,31605.4
2019-12-24,0.46,0.46,0.46,0.46,7000,0.0,0.0,3220.0,29954.8
2019-12-25,0.46,0.46,0.46,0.46,0,0.0,0.0,0.0,25537.6
2019-12-26,0.45,0.46,0.45,0.46,46200,0.0222,0.0,21252.0,25640.24
2019-12-27,0.47,0.47,0.46,0.46,16700,-0.0213,0.0,7682.0,25565.08
2019-12-30,0.47,0.47,0.47,0.47,17900,0.0,0.0217,8413.0,25733.34
2019-12-31,0.47,0.48,0.47,0.47,6100,0.0,0.0,2867.0,25784.2
2020-01-02,0.47,0.49,0.47,0.49,75000,0.0426,0.0426,36750.0,26519.2
2020-01-03,0.49,0.49,0.49,0.49,0,0.0,0.0,0.0,26435.56
2020-01-06,0.49,0.49,0.47,0.47,12300,-0.0408,-0.0408,5781.0,26398.18
2020-01-07,0.47,0.47,0.46,0.46,20900,-0.0213,-0.0213,9614.0,26590.46
2020-01-08,0.47,0.47,0.47,0.47,3200,0.0,0.0217,1504.0,25924.78
2020-01-09,0.47,0.47,0.46,0.47,10000,0.0,0.0,4700.0,25712.06
2020-01-10,0.46,0.46,0.46,0.46,19700,0.0,-0.0213,9062.0,24645.9
2020-01-13,0.46,0.46,0.46,0.46,0,0.0,0.0,0.0,22351.3
2020-01-14,0.46,0.46,0.45,0.45,10200,-0.0217,-0.0217,4590.0,22443.1
2020-01-15,0.45,0.45,0.45,0.45,10400,0.0,0.0,4680.0,22536.7
2020-01-16,0.45,0.45,0.45,0.45,18000,0.0,0.0,8100.0,22698.7
2020-01-17,0.47,0.47,0.46,0.46,5200,-0.0213,0.0222,2392.0,22526.54
2020-01-20,0.47,0.47,0.47,0.47,1000,0.0,0.0217,470.0,21725.78
2020-01-21,0.46,0.46,0.43,0.44,118500,-0.0435,-0.0638,52140.0,22524.8
2020-01-22,0.44,0.44,0.44,0.44,4500,0.0,0.0,1980.0,22529.84
2020-01-23,0.44,0.46,0.44,0.46,75100,0.0455,0.0455,34546.0,23157.76
2020-01-24,0.46,0.46,0.46,0.46,0,0.0,0.0,0.0,22075.54
2020-01-28,0.44,0.44,0.43,0.43,9200,-0.0227,-0.0652,3956.0,22154.66
2020-01-29,0.43,0.45,0.43,0.43,47300,0.0,0.0,20339.0,22561.44
2020-01-30,0.43,0.44,0.43,0.43,28400,0.0,0.0,12212.0,22272.22
2020-01-31,0.44,0.44,0.43,0.43,14100,-0.0227,0.0,6063.0,22193.56
2020-02-03,0.42,0.42,0.41,0.41,13800,-0.0238,-0.0465,5658.0,22306.72
2020-02-04,0.42,0.44,0.42,0.42,26500,0.0,0.0244,11130.0,22524.22
2020-02-05,0.42,0.42,0.41,0.41,63300,-0.0238,-0.0238,25953.0,22803.52
2020-02-06,0.41,0.44,0.41,0.43,73600,0.0488,0.0488,31648.0,23409.98
2020-02-07,0.43,0.43,0.43,0.43,5000,0.0,0.0,2150.0,23452.98
2020-02-10,0.43,0.43,0.43,0.43,0,0.0,0.0,0.0,23192.98
2020-02-11,0.42,0.42,0.42,0.42,4600,0.0,-0.0233,1932.0,23231.62
2020-02-12,0.42,0.44,0.41,0.41,128100,-0.0238,-0.0238,52521.0,24282.04
2020-02-13,0.42,0.42,0.41,0.41,415300,-0.0238,0.0,170273.0,27598.06
2020-02-14,0.41,0.41,0.41,0.41,3500,0.0,0.0,1435.0,27575.76
2020-02-17,0.41,0.41,0.41,0.41,9000,0.0,0.0,3690.0,27649.56
2020-02-18,0.41,0.41,0.41,0.41,10100,0.0,0.0,4141.0,26292.38
2020-02-19,0.41,0.41,0.41,0.41,12600,0.0,0.0,5166.0,22023.92
2020-02-20,0.41,0.41,0.41,0.41,1200,0.0,0.0,492.0,20118.32
2020-02-21,0.41,0.41,0.41,0.41,0,0.0,0.0,0.0,19132.26
2020-02-24,0.41,0.41,0.41,0.41,0,0.0,0.0,0.0,18236.18
2020-02-25,0.41,0.41,0.41,0.41,30900,0.0,0.0,12669.0,15198.36
2020-02-26,0.42,0.43,0.42,0.43,13800,0.0238,0.0488,5934.0,14922.36
2020-02-27,0.42,0.43,0.42,0.42,2300,0.0,-0.0233,966.0,13161.48
2020-02-28,0.41,0.41,0.39,0.4,91800,-0.0244,-0.0476,36720.0,13672.32
2020-03-02,0.39,0.4,0.39,0.4,21400,0.0256,0.0,8560.0,12949.82
2020-03-03,0.4,0.4,0.4,0.4,0,0.0,0.0,0.0,12949.82
2020-03-04,0.4,0.4,0.4,0.4,9000,0.0,0.0,3600.0,12939.02
2020-03-05,0.4,0.4,0.4,0.4,0,0.0,0.0,0.0,12874.62
2020-03-06,0.39,0.39,0.38,0.38,17900,-0.0256,-0.05,6802.0,13010.66
2020-03-09,0.37,0.4,0.35,0.35,26400,-0.0541,-0.0789,9240.0,12770.42
2020-03-10,0.35,0.35,0.34,0.35,60200,0.0,0.0,21070.0,13038.18
2020-03-11,0.35,0.35,0.34,0.34,27600,-0.0286,-0.0286,9384.0,13057.6
2020-03-12,0.3,0.31,0.3,0.3,51600,0.0,-0.1176,15480.0,13309.86
2020-03-13,0.28,0.28,0.25,0.26,145800,-0.0714,-0.1333,37908.0,13333.02
2020-03-16,0.26,0.26,0.26,0.26,8900,0.0,0.0,2314.0,13379.3
2020-03-17,0.26,0.26,0.24,0.24,50900,-0.0769,-0.0769,12216.0,13508.0
2020-03-18,0.24,0.26,0.24,0.26,23800,0.0833,0.0833,6188.0,13439.48
2020-03-19,0.25,0.25,0.2,0.2,53900,-0.2,-0.2308,10780.0,13625.0
2020-03-20,0.21,0.22,0.2,0.22,39800,0.0476,0.1,8756.0,13706.12
2020-03-23,0.23,0.25,0.23,0.25,61000,0.087,0.1364,15250.0,13829.88
2020-03-24,0.25,0.25,0.25,0.25,0,0.0,0.0,0.0,13829.88
2020-03-25,0.25,0.27,0.23,0.27,45900,0.08,0.08,12393.0,13985.94
2020-03-26,0.26,0.26,0.25,0.26,21200,0.0,-0.037,5512.0,14002.58
2020-03-27,0.26,0.26,0.25,0.25,56500,-0.0385,-0.0385,14125.0,14123.08
2020-03-30,0.24,0.24,0.23,0.23,34600,-0.0417,-0.08,7958.0,14234.4
2020-03-31,0.23,0.23,0.23,0.23,8000,0.0,0.0,1840.0,14261.8
2020-04-01,0.24,0.24,0.24,0.24,100100,0.0,0.0435,24024.0,13699.48
2020-04-02,0.24,0.24,0.24,0.24,100000,0.0,0.0,24000.0,14139.88
2020-04-03,0.24,0.24,0.24,0.24,0,0.0,0.0,0.0,13448.96
2020-04-06,0.24,0.24,0.24,0.24,0,0.0,0.0,0.0,13448.96
2020-04-07,0.25,0.27,0.25,0.27,139600,0.08,0.125,37692.0,14123.68
2020-04-08,0.28,0.28,0.26,0.26,11000,-0.0714,-0.037,2860.0,13774.1
2020-04-09,0.28,0.33,0.28,0.33,58100,0.1786,0.2692,19173.0,13913.32
2020-04-13,0.33,0.33,0.31,0.31,36400,-0.0606,-0.0606,11284.0,14017.74
2020-04-14,0.31,0.31,0.31,0.31,0,0.0,0.0,0.0,13904.58
2020-04-15,0.31,0.31,0.31,0.31,75000,0.0,0.0,23250.0,14146.98
2020-04-16,0.31,0.32,0.31,0.31,27200,0.0,0.0,8432.0,13796.56
2020-04-17,0.32,0.34,0.31,0.34,156000,0.0625,0.0968,53040.0,14224.4
2020-04-20,0.33,0.34,0.3,0.34,47000,0.0303,0.0,15980.0,14501.0
2020-04-21,0.33,0.33,0.32,0.32,38600,-0.0303,-0.0588,12352.0,14748.04
2020-04-22,0.31,0.31,0.31,0.31,36400,0.0,-0.0312,11284.0,14935.08
2020-04-23,0.31,0.31,0.31,0.31,0,0.0,0.0,0.0,13884.66
2020-04-24,0.31,0.31,0.31,0.31,10000,0.0,0.0,3100.0,10541.2
2020-04-27,0.32,0.32,0.3,0.3,53300,-0.0625,-0.0323,15990.0,10832.3
2020-04-28,0.29,0.31,0.29,0.31,1500,0.069,0.0333,465.0,10767.8
2020-04-29,0.31,0.31,0.31,0.31,0,0.0,0.0,0.0,10684.98
2020-04-30,0.31,0.34,0.31,0.34,5000,0.0968,0.0968,1700.0,10615.66
2020-05-04,0.32,0.32,0.32,0.32,1800,0.0,-0.0588,576.0,10617.34
2020-05-05,0.32,0.32,0.32,0.32,19100,0.0,0.0,6112.0,10739.58
2020-05-06,0.33,0.33,0.32,0.32,3800,-0.0303,0.0,1216.0,10763.9
2020-05-08,0.32,0.32,0.32,0.32,0,0.0,0.0,0.0,10510.52
2020-05-11,0.32,0.32,0.32,0.32,15000,0.0,0.0,4800.0,10487.84
2020-05-12,0.32,0.32,0.32,0.32,0,0.0,0.0,0.0,10468.52
2020-05-13,0.32,0.32,0.32,0.32,0,0.0,0.0,0.0,9734.12
2020-05-14,0.32,0.32,0.32,0.32,0,0.0,0.0,0.0,9562.92
2020-05-15,0.31,0.31,0.31,0.31,6000,0.0,-0.0312,1860.0,9600.12
2020-05-18,0.3,0.31,0.26,0.31,57300,0.0333,0.0,17763.0,9883.38
2020-05-19,0.31,0.31,0.31,0.31,14000,0.0,0.0,4340.0,9970.18
2020-05-20,0.31,0.31,0.3,0.3,5000,-0.0323,-0.0323,1500.0,9864.14
2020-05-21,0.3,0.3,0.3,0.3,7800,0.0,0.0,2340.0,9726.14
2020-05-22,0.3,0.3,0.3,0.3,6400,0.0,0.0,1920.0,9343.14
2020-05-26,0.3,0.3,0.3,0.3,0,0.0,0.0,0.0,9155.46
2020-05-27,0.3,0.3,0.3,0.3,500,0.0,0.0,150.0,8848.86
2020-05-28,0.3,0.3,0.3,0.3,0,0.0,0.0,0.0,8090.7
2020-05-29,0.29,0.31,0.28,0.31,10000,0.069,0.0333,3100.0,8106.42
2020-06-01,0.31,0.32,0.31,0.32,66200,0.0323,0.0323,21184.0,8285.78
2020-06-02,0.32,0.32,0.32,0.32,0,0.0,0.0,0.0,8162.02
2020-06-03,0.32,0.32,0.32,0.32,34000,0.0,0.0,10880.0,8164.02
2020-06-04,0.33,0.34,0.33,0.34,37600,0.0303,0.0625,12784.0,8244.58
2020-06-05,0.34,0.34,0.34,0.34,0,0.0,0.0,0.0,7939.58
2020-06-08,0.34,0.34,0.25,0.32,30800,-0.0588,-0.0588,9856.0,8136.7
2020-06-09,0.33,0.34,0.33,0.34,10300,0.0303,0.0625,3502.0,7958.88
2020-06-10,0.34,0.34,0.34,0.34,1700,0.0,0.0,578.0,7860.2
2020-06-11,0.34,0.34,0.31,0.32,13800,-0.0588,-0.0588,4416.0,7666.02
2020-06-12,0.32,0.32,0.32,0.32,0,0.0,0.0,0.0,7506.86
2020-06-15,0.32,0.32,0.32,0.32,0,0.0,0.0,0.0,7470.06
2020-06-16,0.32,0.32,0.32,0.32,0,0.0,0.0,0.0,6989.58
2020-06-17,0.32,0.32,0.32,0.32,74000,0.0,0.0,23680.0,6983.18
2020-06-18,0.32,0.32,0.32,0.32,0,0.0,0.0,0.0,6983.18
2020-06-19,0.32,0.32,0.32,0.32,0,0.0,0.0,0.0,6983.18
2020-06-22,0.32,0.32,0.32,0.32,0,0.0,0.0,0.0,6229.34
2020-06-23,0.32,0.32,0.32,0.32,0,0.0,0.0,0.0,6172.14
2020-06-24,0.31,0.31,0.31,0.31,4000,0.0,-0.0312,1240.0,5813.48
2020-06-25,0.31,0.31,0.31,0.31,0,0.0,0.0,0.0,5587.8
2020-06-26,0.31,0.31,0.31,0.31,11000,0.0,0.0,3410.0,5656.0
2020-06-29,0.31,0.31,0.3,0.3,35000,-0.0323,-0.0323,10500.0,5401.0
2020-06-30,0.3,0.3,0.3,0.3,800,0.0,0.0,240.0,5237.16
2020-07-01,0.3,0.3,0.3,0.3,55400,0.0,0.0,16620.0,4508.76
2020-07-02,0.29,0.29,0.29,0.29,2000,0.0,-0.0333,580.0,4200.76
2020-07-03,0.29,0.29,0.29,0.29,0,0.0,0.0,0.0,3953.72
2020-07-06,0.3,0.3,0.3,0.3,19500,0.0,0.0345,5850.0,3845.04
2020-07-07,0.3,0.3,0.29,0.3,66000,0.0,0.0,19800.0,4241.04
2020-07-08,0.3,0.3,0.3,0.3,15000,0.0,0.0,4500.0,4269.04
2020-07-09,0.29,0.29,0.29,0.29,7100,0.0,-0.0333,2059.0,3990.42
2020-07-13,0.31,0.31,0.29,0.29,37700,-0.0645,0.0,10933.0,4199.78
2020-07-14,0.29,0.29,0.29,0.29,0,0.0,0.0,0.0,4199.78
2020-07-15,0.29,0.29,0.29,0.29,25900,0.0,0.0,7511.0,4316.0
2020-07-16,0.29,0.29,0.25,0.25,1000,-0.1379,-0.1379,250.0,4309.48
2020-07-17,0.25,0.25,0.25,0.25,0,0.0,0.0,0.0,4187.24
2020-07-20,0.3,0.3,0.3,0.3,20000,0.0,0.2,6000.0,4282.92
2020-07-21,0.29,0.29,0.29,0.29,37100,0.0,-0.0333,10759.0,4498.1
2020-07-22,0.29,0.29,0.29,0.29,1000,0.0,0.0,290.0,4407.9
2020-07-23,0.29,0.3,0.29,0.3,15000,0.0345,0.0345,4500.0,4497.9
2020-07-24,0.29,0.29,0.29,0.29,20000,0.0,-0.0333,5800.0,4613.9
2020-07-27,0.29,0.29,0.29,0.29,9000,0.0,0.0,2610.0,4666.1
2020-07-28,0.29,0.29,0.29,0.29,13100,0.0,0.0,3799.0,4704.88
2020-07-29,0.29,0.3,0.29,0.3,20000,0.0345,0.0345,6000.0,4469.62
2020-07-30,0.29,0.29,0.29,0.29,12000,0.0,-0.0333,3480.0,4452.42
2020-08-03,0.29,0.29,0.28,0.28,23300,-0.0345,-0.0345,6524.0,4552.9
2020-08-04,0.28,0.28,0.28,0.28,0,0.0,0.0,0.0,4506.1
2020-08-05,0.29,0.29,0.28,0.28,5000,-0.0345,0.0,1400.0,4495.7
2020-08-06,0.28,0.32,0.28,0.32,8100,0.1429,0.1429,2592.0,4547.54
2020-08-07,0.32,0.32,0.32,0.32,1500,0.0,0.0,480.0,4554.14
2020-08-11,0.31,0.31,0.31,0.31,21000,0.0,-0.0312,6510.0,4684.34
2020-08-12,0.31,0.31,0.31,0.31,0,0.0,0.0,0.0,4622.34
2020-08-13,0.32,0.32,0.31,0.31,44000,-0.0312,0.0,13640.0,4471.46
2020-08-14,0.31,0.32,0.31,0.31,45800,0.0,0.0,14198.0,4755.42
2020-08-17,0.31,0.31,0.31,0.31,0,0.0,0.0,0.0,4537.82
2020-08-18,0.31,0.31,0.31,0.31,0,0.0,0.0,0.0,4282.14
2020-08-19,0.28,0.29,0.28,0.29,14300,0.0357,-0.0645,4147.0,4365.08
2020-08-20,0.3,0.33,0.3,0.31,41000,0.0333,0.069,12710.0,4422.16
2020-08-21,0.32,0.32,0.3,0.32,1600,0.0,0.0323,512.0,4362.36
2020-08-24,0.31,0.32,0.31,0.32,33100,0.0323,0.0,10592.0,4562.64
2020-08-25,0.32,0.33,0.32,0.33,44700,0.0312,0.0312,14751.0,4769.34
2020-08-26,0.33,0.33,0.33,0.33,0,0.0,0.0,0.0,4769.34
2020-08-27,0.31,0.31,0.3,0.3,1000,-0.0323,-0.0909,300.0,4775.34
2020-08-28,0.3,0.3,0.3,0.3,2000,0.0,0.0,600.0,4787.34
2020-08-31,0.3,0.3,0.3,0.3,0,0.0,0.0,0.0,4313.74
2020-09-01,0.32,0.32,0.32,0.32,100,0.0,0.0667,32.0,4314.38
2020-09-02,0.32,0.32,0.29,0.29,33000,-0.0938,-0.0938,9570.0,4505.78
2020-09-03,0.29,0.29,0.29,0.29,0,0.0,0.0,0.0,4505.78
2020-09-04,0.29,0.31,0.29,0.31,25800,0.069,0.069,7998.0,4665.74
2020-09-07,0.31,0.31,0.31,0.31,0,0.0,0.0,0.0,4640.94
2020-09-08,0.29,0.29,0.29,0.29,5000,0.0,-0.0645,1450.0,4669.94
2020-09-09,0.29,0.31,0.29,0.31,11000,0.069,0.069,3410.0,4669.94
2020-09-10,0.31,0.31,0.31,0.31,0,0.0,0.0,0.0,4459.94
2020-09-11,0.29,0.29,0.29,0.29,100,0.0,-0.0645,29.0,4455.72
2020-09-14,0.29,0.29,0.29,0.29,1300,0.0,0.0,377.0,4130.86
2020-09-15,0.29,0.29,0.29,0.29,15100,0.0,0.0,4379.0,4206.84
2020-09-16,0.29,0.29,0.29,0.29,0,0.0,0.0,0.0,4206.84
2020-09-17,0.29,0.29,0.29,0.29,0,0.0,0.0,0.0,4089.84
2020-09-18,0.29,0.29,0.29,0.29,0,0.0,0.0,0.0,3693.84
2020-09-21,0.29,0.29,0.29,0.29,10000,0.0,0.0,2900.0,3661.84
2020-09-22,0.29,0.29,0.29,0.29,0,0.0,0.0,0.0,3620.66
2020-09-23,0.29,0.29,0.29,0.29,2000,0.0,0.0,580.0,3413.6
2020-09-24,0.29,0.29,0.29,0.29,2000,0.0,0.0,580.0,3425.2
2020-09-25,0.29,0.3,0.29,0.3,1600,0.0345,0.0345,480.0,3284.58
2020-09-28,0.3,0.3,0.3,0.3,0,0.0,0.0,0.0,3279.58
2020-09-29,0.29,0.29,0.29,0.29,23800,0.0,-0.0333,6902.0,3417.62
2020-09-30,0.3,0.3,0.3,0.3,100,0.0,0.0345,30.0,3298.22
2020-10-01,0.3,0.3,0.3,0.3,0,0.0,0.0,0.0,3083.04
2020-10-02,0.3,0.3,0.3,0.3,0,0.0,0.0,0.0,3077.24
2020-10-05,0.3,0.3,0.3,0.3,0,0.0,0.0,0.0,2987.24
2020-10-06,0.3,0.3,0.3,0.3,0,0.0,0.0,0.0,2871.24
2020-10-07,0.3,0.32,0.3,0.32,2000,0.0667,0.0667,640.0,2831.84
2020-10-08,0.28,0.28,0.28,0.28,1300,0.0,-0.125,364.0,2763.14
2020-10-09,0.28,0.28,0.28,0.28,0,0.0,0.0,0.0,2643.14
2020-10-12,0.3,0.3,0.3,0.3,100,0.0,0.0714,30.0,2574.14
2020-10-13,0.29,0.29,0.29,0.29,15900,0.0,-0.0333,4611.0,2535.88
2020-10-14,0.29,0.29,0.29,0.29,0,0.0,0.0,0.0,2535.88
2020-10-15,0.29,0.29,0.29,0.29,0,0.0,0.0,0.0,2507.88
2020-10-16,0.29,0.29,0.29,0.29,0,0.0,0.0,0.0,2456.04
2020-10-19,0.31,0.31,0.31,0.31,18000,0.0,0.069,5580.0,2558.04
2020-10-20,0.31,0.31,0.31,0.31,0,0.0,0.0,0.0,2427.84
2020-10-21,0.28,0.3,0.28,0.3,30000,0.0714,-0.0323,9000.0,2607.84
2020-10-22,0.3,0.3,0.3,0.3,0,0.0,0.0,0.0,2335.04
2020-10-23,0.3,0.3,0.3,0.3,0,0.0,0.0,0.0,2051.08
2020-10-26,0.29,0.29,0.29,0.29,24300,0.0,-0.0333,7047.0,2192.02
2020-10-27,0.29,0.29,0.29,0.29,0,0.0,0.0,0.0,2192.02
2020-10-28,0.28,0.28,0.28,0.28,20000,0.0,-0.0345,5600.0,2221.08
2020-10-29,0.28,0.28,0.28,0.28,0,0.0,0.0,0.0,1966.88
2020-10-30,0.28,0.28,0.27,0.27,198800,-0.0357,-0.0357,53676.0,3030.16
2020-11-02,0.27,0.27,0.27,0.27,0,0.0,0.0,0.0,2818.32
2020-11-03,0.27,0.28,0.27,0.28,222800,0.037,0.037,62384.0,3770.98
2020-11-04,0.29,0.29,0.29,0.29,9000,0.0,0.0357,2610.0,3823.18
2020-11-05,0.28,0.28,0.27,0.28,34900,0.0,-0.0345,9772.0,4012.62
2020-11-06,0.28,0.28,0.28,0.28,18000,0.0,0.0,5040.0,4101.42
2020-11-09,0.32,0.32,0.32,0.32,100,0.0,0.1429,32.0,4102.06
2020-11-10,0.32,0.32,0.32,0.32,0,0.0,0.0,0.0,4101.42
2020-11-11,0.32,0.32,0.32,0.32,0,0.0,0.0,0.0,3910.02
2020-11-12,0.32,0.32,0.32,0.32,0,0.0,0.0,0.0,3910.02
2020-11-13,0.32,0.32,0.32,0.32,0,0.0,0.0,0.0,3750.06
2020-11-16,0.32,0.32,0.32,0.32,0,0.0,0.0,0.0,3750.06
2020-11-17,0.3,0.3,0.29,0.29,11000,-0.0333,-0.0938,3190.0,3784.86
2020-11-18,0.29,0.29,0.29,0.29,0,0.0,0.0,0.0,3716.66
2020-11-19,0.29,0.29,0.29,0.29,0,0.0,0.0,0.0,3716.66
2020-11-20,0.28,0.28,0.28,0.28,10000,0.0,-0.0345,2800.0,3772.08
2020-11-23,0.28,0.31,0.28,0.31,79000,0.1071,0.1071,24490.0,4254.34
2020-11-24,0.3,0.3,0.3,0.3,70000,0.0,-0.0323,21000.0,4586.76
2020-11-25,0.31,0.31,0.31,0.31,49800,0.0,0.0333,15438.0,4895.52
2020-11-26,0.31,0.31,0.31,0.31,0,0.0,0.0,0.0,4895.52
2020-11-27,0.31,0.31,0.3,0.3,17100,-0.0323,-0.0323,5130.0,4998.12
2020-11-30,0.3,0.3,0.3,0.3,0,0.0,0.0,0.0,4940.12
2020-12-01,0.3,0.3,0.3,0.3,17000,0.0,0.0,5100.0,5042.12
2020-12-02,0.3,0.3,0.28,0.28,56900,-0.0667,-0.0667,15932.0,5349.16
2020-12-03,0.3,0.3,0.3,0.3,3600,0.0,0.0714,1080.0,5359.16
2020-12-04,0.3,0.3,0.3,0.3,11400,0.0,0.0,3420.0,5417.96
2020-12-07,0.29,0.29,0.28,0.28,290000,-0.0345,-0.0667,81200.0,7041.96
2020-12-08,0.29,0.29,0.29,0.29,2700,0.0,0.0357,783.0,6919.58
2020-12-09,0.29,0.29,0.28,0.28,72000,-0.0345,-0.0345,20160.0,7322.18
2020-12-10,0.28,0.28,0.28,0.28,0,0.0,0.0,0.0,7322.18
2020-12-11,0.28,0.28,0.28,0.28,140000,0.0,0.0,39200.0,8106.18
2020-12-14,0.29,0.29,0.29,0.29,63100,0.0,0.0357,18299.0,8472.16
2020-12-15,0.29,0.29,0.29,0.29,0,0.0,0.0,0.0,8472.16
2020-12-16,0.29,0.29,0.29,0.29,7000,0.0,0.0,2030.0,8499.96
2020-12-17,0.29,0.29,0.29,0.29,3300,0.0,0.0,957.0,8511.82
2020-12-18,0.28,0.28,0.28,0.28,7000,0.0,-0.0345,1960.0,8551.02
2020-12-21,0.29,0.3,0.29,0.3,52800,0.0345,0.0714,15840.0,8867.22
2020-12-22,0.29,0.29,0.28,0.28,212000,-0.0345,-0.0667,59360.0,9962.2
2020-12-23,0.28,0.28,0.28,0.28,200000,0.0,0.0,56000.0,11082.2
2020-12-24,0.28,0.28,0.28,0.28,0,0.0,0.0,0.0,11082.2
2020-12-28,0.28,0.28,0.28,0.28,47800,0.0,0.0,13384.0,11349.88
2020-12-29,0.28,0.28,0.28,0.28,140000,0.0,0.0,39200.0,12022.28
2020-12-30,0.28,0.28,0.28,0.28,0,0.0,0.0,0.0,12022.28
2020-12-31,0.29,0.29,0.28,0.28,100100,-0.0345,0.0,28028.0,12402.84
2021-01-04,0.29,0.29,0.28,0.28,190000,-0.0345,0.0,53200.0,13466.84
2021-01-05,0.28,0.28,0.28,0.28,10000,0.0,0.0,2800.0,13522.84
2021-01-06,0.28,0.28,0.28,0.28,2000,0.0,0.0,560.0,13393.1
2021-01-07,0.28,0.28,0.28,0.28,0,0.0,0.0,0.0,13393.1
2021-01-08,0.29,0.29,0.29,0.29,5100,0.0,0.0357,1479.0,13310.68
2021-01-11,0.29,0.29,0.28,0.28,28300,-0.0345,-0.0345,7924.0,13469.16
2021-01-12,0.28,0.28,0.28,0.28,69900,0.0,0.0,19572.0,12787.08
2021-01-13,0.29,0.29,0.28,0.28,40000,-0.0345,0.0,11200.0,13011.08
2021-01-14,0.28,0.28,0.28,0.28,45100,0.0,0.0,12628.0,12015.96
2021-01-15,0.28,0.28,0.28,0.28,180500,0.0,0.0,50540.0,12974.56
2021-01-18,0.28,0.28,0.28,0.28,121000,0.0,0.0,33880.0,13456.72
2021-01-19,0.28,0.28,0.28,0.28,12000,0.0,0.0,3360.0,13423.12
2021-01-20,0.28,0.28,0.28,0.28,95800,0.0,0.0,26824.0,13958.96
2021-01-21,0.28,0.28,0.28,0.28,0,0.0,0.0,0.0,13958.96
2021-01-22,0.28,0.28,0.27,0.27,78500,-0.0357,-0.0357,21195.0,14382.86
2021-01-25,0.27,0.28,0.27,0.28,2100,0.037,0.037,588.0,14394.62
2021-01-26,0.28,0.28,0.28,0.28,0,0.0,0.0,0.0,14394.62
2021-01-27,0.28,0.28,0.28,0.28,0,0.0,0.0,0.0,14394.62
2021-01-28,0.28,0.28,0.28,0.28,40000,0.0,0.0,11200.0,14554.82
2021-01-29,0.28,0.28,0.28,0.28,0,0.0,0.0,0.0,14554.82
2021-02-01,0.28,0.28,0.28,0.28,10100,0.0,0.0,2828.0,14611.38
2021-02-02,0.28,0.28,0.28,0.28,29600,0.0,0.0,8288.0,14721.14
2021-02-03,0.28,0.28,0.28,0.28,11700,0.0,0.0,3276.0,14296.86
2021-02-04,0.28,0.28,0.28,0.28,0,0.0,0.0,0.0,13876.86
2021-02-05,0.28,0.28,0.28,0.28,0,0.0,0.0,0.0,13568.1
2021-02-08,0.28,0.28,0.28,0.28,49100,0.0,0.0,13748.0,13843.06
2021-02-09,0.28,0.28,0.28,0.28,0,0.0,0.0,0.0,13740.46
2021-02-10,0.28,0.28,0.28,0.28,0,0.0,0.0,0.0,13740.46
2021-02-11,0.28,0.28,0.28,0.28,0,0.0,0.0,0.0,13638.46
2021-02-15,0.28,0.28,0.28,0.28,32500,0.0,0.0,9100.0,13501.82
2021-02-16,0.28,0.28,0.28,0.28,45000,0.0,0.0,12600.0,13732.22
2021-02-17,0.28,0.29,0.28,0.29,90500,0.0357,0.0357,26245.0,14188.72
2021-02-18,0.29,0.29,0.29,0.29,130500,0.0,0.0,37845.0,13321.62
2021-02-19,0.29,0.29,0.29,0.29,10000,0.0,0.0,2900.0,13363.96
2021-02-22,0.29,0.3,0.29,0.3,46100,0.0345,0.0345,13830.0,13237.36
2021-02-23,0.29,0.29,0.29,0.29,35000,0.0,-0.0333,10150.0,13440.36
2021-02-24,0.28,0.29,0.28,0.29,20000,0.0357,0.0,5800.0,12772.36
2021-02-25,0.29,0.29,0.29,0.29,101300,0.0,0.0,29377.0,12993.92
2021-02-26,0.28,0.29,0.28,0.28,112000,0.0,-0.0345,31360.0,13621.12
2021-03-01,0.28,0.29,0.28,0.29,80000,0.0357,0.0357,23200.0,14044.52
2021-03-02,0.3,0.3,0.3,0.3,42200,0.0,0.0345,12660.0,14278.58
2021-03-03,0.3,0.3,0.3,0.3,37800,0.0,0.0,11340.0,14466.18
2021-03-04,0.3,0.3,0.29,0.29,58400,-0.0333,-0.0333,16936.0,14488.1
2021-03-05,0.29,0.29,0.29,0.29,24200,0.0,0.0,7018.0,13441.26
2021-03-08,0.29,0.29,0.29,0.29,0,0.0,0.0,0.0,12321.26
2021-03-09,0.29,0.29,0.29,0.29,0,0.0,0.0,0.0,12321.26
2021-03-10,0.29,0.29,0.29,0.29,0,0.0,0.0,0.0,12053.58
2021-03-11,0.29,0.29,0.29,0.29,50000,0.0,0.0,14500.0,11559.58
2021-03-12,0.29,0.29,0.28,0.29,63000,0.0,0.0,18270.0,11924.98
2021-03-15,0.3,0.3,0.28,0.28,102200,-0.0667,-0.0345,28616.0,11936.74
2021-03-16,0.29,0.3,0.29,0.3,185000,0.0345,0.0714,55500.0,11982.74
2021-03-17,0.3,0.3,0.3,0.3,0,0.0,0.0,0.0,11926.74
2021-03-18,0.3,0.31,0.3,0.31,42400,0.0333,0.0333,13144.0,12178.42
2021-03-19,0.29,0.29,0.28,0.28,20000,-0.0345,-0.0968,5600.0,12290.42
2021-03-22,0.28,0.28,0.28,0.28,0,0.0,0.0,0.0,12260.84
2021-03-23,0.3,0.3,0.29,0.29,3200,-0.0333,0.0357,928.0,12120.92
2021-03-24,0.29,0.29,0.29,0.29,0,0.0,0.0,0.0,11729.48
2021-03-25,0.29,0.29,0.29,0.29,22000,0.0,0.0,6380.0,11633.08
2021-03-26,0.29,0.31,0.29,0.31,53100,0.069,0.069,16461.0,11709.74
2021-03-29,0.33,0.33,0.31,0.31,32400,-0.0606,0.0,10044.0,10899.82
2021-03-30,0.33,0.33,0.31,0.31,5800,-0.0606,0.0,1798.0,10258.18
2021-03-31,0.32,0.32,0.31,0.31,42000,-0.0312,0.0,13020.0,10451.38
2021-04-01,0.31,0.33,0.31,0.33,87100,0.0645,0.0645,28743.0,10489.76
2021-04-05,0.3,0.33,0.3,0.33,15200,0.1,0.0,5016.0,10590.08
2021-04-06,0.32,0.32,0.32,0.32,17200,0.0,-0.0303,5504.0,10276.26
2021-04-07,0.31,0.31,0.31,0.31,700,0.0,-0.0312,217.0,10268.84
2021-04-08,0.31,0.31,0.31,0.31,0,0.0,0.0,0.0,10268.84
2021-04-09,0.31,0.31,0.31,0.31,18900,0.0,0.0,5859.0,10386.02
2021-04-12,0.3,0.3,0.3,0.3,5000,0.0,-0.0323,1500.0,10192.02
2021-04-13,0.3,0.3,0.3,0.3,0,0.0,0.0,0.0,10192.02
2021-04-14,0.31,0.31,0.31,0.31,13000,0.0,0.0333,4030.0,10216.06
2021-04-15,0.31,0.31,0.31,0.31,0,0.0,0.0,0.0,10050.3
2021-04-16,0.29,0.29,0.29,0.29,200,0.0,-0.0645,58.0,9985.94
2021-04-19,0.31,0.31,0.31,0.31,4500,0.0,0.069,1395.0,10013.84
2021-04-20,0.31,0.31,0.28,0.31,161900,0.0,0.0,50189.0,11017.62
2021-04-21,0.31,0.31,0.31,0.31,0,0.0,0.0,0.0,10742.66
2021-04-22,0.3,0.3,0.3,0.3,30200,0.0,-0.0323,9060.0,10923.86
2021-04-23,0.29,0.3,0.29,0.3,22100,0.0345,0.0,6630.0,11056.46
2021-04-26,0.3,0.3,0.3,0.3,1300,0.0,0.0,390.0,11064.26
2021-04-27,0.29,0.3,0.29,0.29,47500,0.0,-0.0333,13775.0,11157.76
2021-04-28,0.29,0.3,0.29,0.3,39800,0.0345,0.0345,11940.0,11144.56
2021-04-29,0.3,0.3,0.3,0.3,7000,0.0,0.0,2100.0,10661.66
2021-04-30,0.3,0.31,0.29,0.3,84600,0.0,0.0,25380.0,10412.36
2021-05-03,0.3,0.3,0.3,0.3,10400,0.0,0.0,3120.0,10416.76
2021-05-04,0.29,0.29,0.29,0.29,80000,0.0,-0.0333,23200.0,10604.16
2021-05-05,0.29,0.29,0.29,0.29,1400,0.0,0.0,406.0,10409.28
2021-05-06,0.29,0.29,0.29,0.29,0,0.0,0.0,0.0,10293.28
2021-05-07,0.29,0.29,0.29,0.29,0,0.0,0.0,0.0,9705.74
2021-05-10,0.29,0.29,0.29,0.29,0,0.0,0.0,0.0,9078.54
2021-05-11,0.29,0.29,0.29,0.29,2200,0.0,0.0,638.0,8627.3
2021-05-12,0.29,0.29,0.28,0.29,79800,0.0,0.0,23142.0,8836.94
2021-05-14,0.28,0.28,0.26,0.28,60200,0.0,-0.0345,16856.0,8947.26
2021-05-17,0.28,0.28,0.28,0.28,0,0.0,0.0,0.0,8608.54
2021-05-18,0.28,0.28,0.28,0.28,76700,0.0,0.0,21476.0,8897.7
2021-05-19,0.28,0.28,0.27,0.28,58200,0.0,0.0,16296.0,9223.62
2021-05-20,0.28,0.28,0.28,0.28,0,0.0,0.0,0.0,9223.62
2021-05-21,0.28,0.28,0.28,0.28,0,0.0,0.0,0.0,9223.62
2021-05-24,0.28,0.28,0.27,0.28,100200,0.0,0.0,28056.0,9494.74
2021-05-25,0.28,0.28,0.27,0.27,107900,-0.0357,-0.0357,29133.0,9712.0
2021-05-27,0.27,0.27,0.26,0.26,66500,-0.037,-0.037,17290.0,9485.48
2021-05-28,0.26,0.28,0.26,0.28,34200,0.0769,0.0769,9576.0,8567.0
2021-05-31,0.28,0.28,0.28,0.28,1300,0.0,0.0,364.0,8574.28
2021-06-01,0.26,0.28,0.26,0.28,7200,0.0769,0.0,2016.0,8351.72
2021-06-02,0.27,0.29,0.27,0.29,103300,0.0741,0.0357,29957.0,8838.86
2021-06-03,0.28,0.28,0.27,0.28,6800,0.0,-0.0345,1904.0,8876.94
2021-06-04,0.28,0.28,0.28,0.28,0,0.0,0.0,0.0,8858.38
2021-06-07,0.28,0.28,0.28,0.28,6000,0.0,0.0,1680.0,8891.98
2021-06-08,0.27,0.27,0.26,0.26,19900,-0.037,-0.0714,5174.0,8867.86
2021-06-09,0.27,0.28,0.27,0.28,3000,0.037,0.0769,840.0,8555.44
2021-06-10,0.28,0.28,0.28,0.28,400,0.0,0.0,112.0,8356.8
2021-06-11,0.28,0.28,0.27,0.28,9700,0.0,0.0,2716.0,8375.16
2021-06-14,0.28,0.28,0.28,0.28,20100,0.0,0.0,5628.0,8227.32
2021-06-15,0.28,0.28,0.28,0.28,9900,0.0,0.0,2772.0,7707.9
2021-06-16,0.28,0.28,0.28,0.28,0,0.0,0.0,0.0,7607.58
2021-06-17,0.28,0.28,0.28,0.28,1000,0.0,0.0,280.0,7503.1
2021-06-18,0.28,0.28,0.28,0.28,0,0.0,0.0,0.0,7498.76
2021-06-21,0.28,0.28,0.28,0.28,100,0.0,0.0,28.0,7499.32
2021-06-22,0.28,0.28,0.28,0.28,0,0.0,0.0,0.0,7382.14
2021-06-23,0.27,0.28,0.27,0.28,200,0.037,0.0,56.0,7353.26
2021-06-24,0.28,0.28,0.28,0.28,0,0.0,0.0,0.0,7353.26
2021-06-25,0.27,0.28,0.27,0.28,23100,0.037,0.0,6468.0,7402.02
2021-06-28,0.28,0.28,0.28,0.28,41700,0.0,0.0,11676.0,7635.54
2021-06-29,0.28,0.28,0.28,0.28,5800,0.0,0.0,1624.0,7666.86
2021-06-30,0.28,0.28,0.28,0.28,0,0.0,0.0,0.0,7638.96
2021-07-01,0.28,0.28,0.28,0.28,49400,0.0,0.0,13832.0,6911.82
2021-07-02,0.28,0.28,0.28,0.28,58400,0.0,0.0,16352.0,7238.86
2021-07-05,0.28,0.28,0.28,0.28,34200,0.0,0.0,9576.0,7249.18
2021-07-06,0.28,0.28,0.28,0.28,15200,0.0,0.0,4256.0,7201.7
2021-07-07,0.28,0.28,0.28,0.28,10000,0.0,0.0,2800.0,7249.9
2021-07-08,0.28,0.28,0.28,0.28,11200,0.0,0.0,3136.0,7037.12
2021-07-09,0.28,0.28,0.28,0.28,12000,0.0,0.0,3360.0,6865.52
2021-07-12,0.28,0.28,0.28,0.28,0,0.0,0.0,0.0,6823.52
2021-07-13,0.29,0.29,0.28,0.28,20100,-0.0345,0.0,5628.0,6428.48
2021-07-14,0.28,0.28,0.28,0.28,0,0.0,0.0,0.0,6366.08
2021-07-15,0.28,0.28,0.27,0.27,1500,-0.0357,-0.0357,405.0,5910.18
2021-07-16,0.27,0.27,0.27,0.27,22500,0.0,0.0,6075.0,6023.56
2021-07-19,0.27,0.27,0.27,0.27,57000,0.0,0.0,15390.0,6331.36
2021-07-21,0.27,0.27,0.27,0.27,0,0.0,0.0,0.0,6331.36
2021-07-22,0.28,0.28,0.28,0.28,100,0.0,0.037,28.0,6331.92
2021-07-23,0.26,0.28,0.26,0.28,1100,0.0769,0.0,308.0,6325.32
2021-07-26,0.28,0.28,0.28,0.28,0,0.0,0.0,0.0,5862.48
2021-07-27,0.28,0.28,0.28,0.28,400,0.0,0.0,112.0,5527.6
2021-07-28,0.26,0.28,0.26,0.28,9900,0.0769,0.0,2772.0,5583.04
2021-07-29,0.28,0.28,0.26,0.26,74000,-0.0714,-0.0714,19240.0,5538.32
2021-07-30,0.26,0.26,0.26,0.26,0,0.0,0.0,0.0,5212.4
2021-08-02,0.27,0.28,0.27,0.28,18300,0.037,0.0769,5124.0,5314.88
2021-08-03,0.27,0.27,0.27,0.27,10100,0.0,-0.0357,2727.0,5369.42
2021-08-04,0.26,0.26,0.26,0.26,20000,0.0,-0.037,5200.0,4912.3
2021-08-05,0.26,0.26,0.26,0.26,10800,0.0,0.0,2808.0,4385.8
2021-08-06,0.26,0.26,0.26,0.26,0,0.0,0.0,0.0,4040.0
2021-08-10,0.26,0.26,0.26,0.26,12000,0.0,0.0,3120.0,3910.88
2021-08-11,0.26,0.26,0.26,0.26,13500,0.0,0.0,3510.0,3973.8
2021-08-12,0.26,0.26,0.26,0.26,2000,0.0,0.0,520.0,3943.88
2021-08-13,0.26,0.29,0.26,0.28,20300,0.0769,0.0769,5684.0,3458.42
2021-08-16,0.28,0.28,0.28,0.28,10000,0.0,0.0,2800.0,3476.34
2021-08-17,0.28,0.28,0.28,0.28,0,0.0,0.0,0.0,3476.34
2021-08-18,0.26,0.26,0.26,0.26,32000,0.0,-0.0714,8320.0,3609.14
2021-08-19,0.26,0.26,0.26,0.26,0,0.0,0.0,0.0,3505.66
2021-08-20,0.26,0.26,0.26,0.26,50200,0.0,0.0,13052.0,3749.9
2021-08-23,0.26,0.26,0.26,0.26,20000,0.0,0.0,5200.0,3851.66
2021-08-24,0.26,0.26,0.26,0.26,0,0.0,0.0,0.0,3797.34
2021-08-25,0.26,0.26,0.26,0.26,0,0.0,0.0,0.0,3684.78
2021-08-26,0.26,0.26,0.26,0.26,0,0.0,0.0,0.0,3629.34
2021-08-27,0.26,0.26,0.26,0.26,0,0.0,0.0,0.0,3629.34
2021-08-30,0.26,0.26,0.26,0.26,30000,0.0,0.0,7800.0,3779.74
2021-08-31,0.26,0.26,0.26,0.26,200,0.0,0.0,52.0,3780.78
2021-09-01,0.26,0.26,0.26,0.26,0,0.0,0.0,0.0,3780.22
2021-09-02,0.26,0.26,0.25,0.25,55000,-0.0385,-0.0385,13750.0,4055.22
2021-09-03,0.25,0.25,0.25,0.25,80000,0.0,0.0,20000.0,4454.1
2021-09-06,0.26,0.28,0.26,0.28,41300,0.0769,0.12,11564.0,4685.38
2021-09-07,0.28,0.28,0.28,0.28,111400,0.0,0.0,31192.0,5179.86
2021-09-08,0.28,0.28,0.26,0.27,53500,-0.0357,-0.0357,14445.0,5235.24
2021-09-09,0.27,0.27,0.27,0.27,200,0.0,0.0,54.0,5203.84
2021-09-10,0.26,0.27,0.25,0.26,218400,0.0,-0.037,56784.0,6339.52
2021-09-13,0.25,0.26,0.25,0.25,16200,0.0,-0.0385,4050.0,6143.88
2021-09-14,0.26,0.26,0.26,0.26,1000,0.0,0.04,260.0,5822.04
2021-09-15,0.26,0.26,0.25,0.25,4900,-0.0385,-0.0385,1225.0,5655.02
2021-09-16,0.26,0.26,0.26,0.26,2000,0.0,0.04,520.0,5580.3
2021-09-17,0.26,0.26,0.26,0.26,2400,0.0,0.0,624.0,5536.78
2021-09-20,0.26,0.27,0.26,0.26,9900,0.0,0.0,2574.0,5525.54
2021-09-21,0.25,0.25,0.25,0.25,13400,0.0,-0.0385,3350.0,5525.34
2021-09-22,0.25,0.25,0.24,0.24,6100,-0.04,-0.04,1464.0,5554.62
2021-09-23,0.25,0.26,0.25,0.26,1100,0.04,0.0833,286.0,5447.78
2021-09-24,0.26,0.26,0.26,0.26,0,0.0,0.0,0.0,5447.78
2021-09-27,0.25,0.25,0.25,0.25,800,0.0,-0.0385,200.0,5443.68
2021-09-28,0.25,0.25,0.25,0.25,0,0.0,0.0,0.0,5322.18
2021-09-29,0.25,0.25,0.25,0.25,0,0.0,0.0,0.0,5014.38
2021-09-30,0.25,0.26,0.25,0.26,7500,0.04,0.04,1950.0,5053.38
2021-10-01,0.26,0.26,0.26,0.26,100,0.0,0.0,26.0,5053.34
2021-10-04,0.26,0.26,0.26,0.26,0,0.0,0.0,0.0,5047.18
2021-10-05,0.26,0.26,0.26,0.26,0,0.0,0.0,0.0,5047.18
2021-10-06,0.26,0.26,0.26,0.26,0,0.0,0.0,0.0,5044.94
2021-10-07,0.26,0.26,0.26,0.26,0,0.0,0.0,0.0,4989.5
2021-10-08,0.25,0.26,0.25,0.25,22400,0.0,-0.0385,5600.0,4716.7
2021-10-11,0.25,0.25,0.25,0.25,200,0.0,0.0,50.0,4717.7
2021-10-12,0.25,0.25,0.25,0.25,6000,0.0,0.0,1500.0,4645.22
2021-10-13,0.25,0.25,0.25,0.25,0,0.0,0.0,0.0,4590.68
2021-10-14,0.25,0.25,0.24,0.24,2000,-0.04,-0.04,480.0,4496.28
2021-10-15,0.24,0.24,0.24,0.24,50000,0.0,0.0,12000.0,4680.12
2021-10-18,0.24,0.24,0.24,0.24,0,0.0,0.0,0.0,4680.12
2021-10-19,0.25,0.25,0.2,0.22,744400,-0.12,-0.0833,163768.0,7893.08
2021-10-20,0.22,0.22,0.22,0.22,71000,0.0,0.0,15620.0,8135.28
2021-10-21,0.22,0.22,0.22,0.22,16000,0.0,0.0,3520.0,8195.28
2021-10-22,0.22,0.22,0.22,0.22,11000,0.0,0.0,2420.0,8130.0
2021-10-25,0.22,0.22,0.22,0.22,44200,0.0,0.0,9724.0,8268.48
2021-10-26,0.22,0.22,0.22,0.22,4000,0.0,0.0,880.0,8286.08
2021-10-27,0.22,0.23,0.22,0.23,40600,0.0455,0.0455,9338.0,8306.44
2021-10-28,0.23,0.23,0.22,0.22,70100,-0.0435,-0.0435,15422.0,8614.88
2021-10-29,0.22,0.22,0.22,0.22,112600,0.0,0.0,24772.0,8849.28
2021-11-01,0.22,0.22,0.22,0.22,0,0.0,0.0,0.0,8745.28
2021-11-02,0.22,0.22,0.22,0.22,7000,0.0,0.0,1540.0,8776.08
2021-11-03,0.22,0.22,0.22,0.22,0,0.0,0.0,0.0,8776.08
2021-11-05,0.23,0.23,0.23,0.23,22500,0.0,0.0455,5175.0,8879.58
2021-11-08,0.22,0.23,0.22,0.22,15000,0.0,-0.0435,3300.0,8945.58
2021-11-09,0.22,0.22,0.22,0.22,13500,0.0,0.0,2970.0,8848.98
2021-11-10,0.22,0.22,0.22,0.22,0,0.0,0.0,0.0,8847.94
2021-11-11,0.22,0.22,0.22,0.22,8600,0.0,0.0,1892.0,8885.78
2021-11-12,0.22,0.23,0.22,0.22,32800,0.0,0.0,7216.0,8755.1
2021-11-15,0.23,0.23,0.22,0.22,20100,-0.0435,0.0,4422.0,8443.54
2021-11-16,0.22,0.22,0.22,0.22,5000,0.0,0.0,1100.0,8234.26
2021-11-17,0.22,0.22,0.22,0.22,0,0.0,0.0,0.0,7610.42
2021-11-18,0.22,0.22,0.22,0.22,600,0.0,0.0,132.0,7324.16
2021-11-19,0.22,0.22,0.22,0.22,19900,0.0,0.0,4378.0,7410.64
2021-11-22,0.22,0.22,0.2,0.2,74900,-0.0909,-0.0909,14980.0,6574.56
2021-11-23,0.2,0.2,0.2,0.2,200,0.0,0.0,40.0,6494.36
2021-11-24,0.2,0.2,0.2,0.2,0,0.0,0.0,0.0,6489.16
2021-11-25,0.2,0.22,0.2,0.22,13000,0.1,0.1,2860.0,6521.86
2021-11-26,0.22,0.22,0.22,0.22,36000,0.0,0.0,7920.0,6669.86
2021-11-29,0.22,0.22,0.22,0.22,6500,0.0,0.0,1430.0,6685.98
2021-11-30,0.21,0.21,0.21,0.21,8000,0.0,-0.0455,1680.0,6668.1
2021-12-01,0.21,0.21,0.21,0.21,17000,0.0,0.0,3570.0,6672.5
2021-12-02,0.21,0.21,0.21,0.21,0,0.0,0.0,0.0,6643.22
2021-12-03,0.21,0.21,0.21,0.21,0,0.0,0.0,0.0,6637.5
2021-12-06,0.21,0.21,0.21,0.21,0,0.0,0.0,0.0,6637.5
2021-12-07,0.21,0.21,0.21,0.21,0,0.0,0.0,0.0,6633.5
2021-12-08,0.21,0.21,0.21,0.21,300,0.0,0.0,63.0,6634.76
2021-12-09,0.21,0.21,0.21,0.21,1000,0.0,0.0,210.0,6638.96
2021-12-10,0.21,0.21,0.21,0.21,0,0.0,0.0,0.0,6599.96
2021-12-13,0.22,0.22,0.22,0.22,9000,0.0,0.0476,1980.0,6639.04
2021-12-14,0.22,0.22,0.22,0.22,3200,0.0,0.0,704.0,6653.12
2021-12-15,0.22,0.22,0.22,0.22,0,0.0,0.0,0.0,6653.12
2021-12-16,0.22,0.22,0.22,0.22,0,0.0,0.0,0.0,6653.12
2021-12-17,0.22,0.22,0.2,0.2,11200,-0.0909,-0.0909,2240.0,6697.92
2021-12-20,0.2,0.2,0.2,0.2,0,0.0,0.0,0.0,6585.92
2021-12-21,0.2,0.2,0.2,0.2,500,0.0,0.0,100.0,6586.92
2021-12-22,0.2,0.21,0.2,0.21,16000,0.05,0.05,3360.0,6624.12
2021-12-23,0.21,0.21,0.21,0.21,0,0.0,0.0,0.0,6624.12
2021-12-24,0.21,0.21,0.21,0.21,0,0.0,0.0,0.0,6614.52
2021-12-27,0.21,0.21,0.21,0.21,33000,0.0,0.0,6930.0,6513.12
2021-12-28,0.21,0.21,0.21,0.21,200,0.0,0.0,42.0,6513.96
2021-12-29,0.21,0.21,0.21,0.21,0,0.0,0.0,0.0,3238.6
2021-12-30,0.21,0.21,0.21,0.21,0,0.0,0.0,0.0,2926.2
2021-12-31,0.2,0.2,0.2,0.2,9400,0.0,-0.0476,1880.0,2893.4
2022-01-03,0.21,0.22,0.21,0.22,25100,0.0476,0.1,5522.0,2955.44
2022-01-04,0.22,0.22,0.22,0.22,0,0.0,0.0,0.0,2760.96
2022-01-05,0.22,0.25,0.22,0.25,47500,0.1364,0.1364,11875.0,2980.86
2022-01-06,0.25,0.25,0.25,0.25,0,0.0,0.0,0.0,2794.1
2022-01-07,0.25,0.25,0.24,0.24,5600,-0.04,-0.04,1344.0,2512.54
2022-01-10,0.24,0.24,0.24,0.24,100,0.0,0.0,24.0,2017.58
2022-01-11,0.22,0.22,0.22,0.22,2400,0.0,-0.0833,528.0,2028.14
2022-01-12,0.22,0.22,0.22,0.22,0,0.0,0.0,0.0,1997.34
2022-01-13,0.22,0.24,0.22,0.24,32100,0.0909,0.0909,7704.0,2151.42
2022-01-14,0.24,0.24,0.24,0.24,0,0.0,0.0,0.0,2047.92
2022-01-17,0.24,0.24,0.24,0.24,0,0.0,0.0,0.0,1981.92
2022-01-18,0.22,0.22,0.22,0.22,10100,0.0,-0.0833,2222.0,1966.96
2022-01-19,0.22,0.22,0.22,0.22,0,0.0,0.0,0.0,1966.96
2022-01-20,0.22,0.22,0.22,0.22,0,0.0,0.0,0.0,1929.12
2022-01-21,0.22,0.22,0.22,0.22,0,0.0,0.0,0.0,1784.8
2022-01-24,0.23,0.23,0.21,0.21,36000,-0.087,-0.0455,7560.0,1847.56
2022-01-25,0.21,0.24,0.21,0.24,600,0.1429,0.1429,144.0,1828.44
2022-01-26,0.24,0.24,0.24,0.24,0,0.0,0.0,0.0,1828.44
2022-01-27,0.24,0.24,0.24,0.24,0,0.0,0.0,0.0,1825.8
2022-01-28,0.24,0.24,0.24,0.24,0,0.0,0.0,0.0,1738.24
2022-01-31,0.24,0.24,0.24,0.24,0,0.0,0.0,0.0,1438.64
2022-02-03,0.24,0.24,0.24,0.24,0,0.0,0.0,0.0,1437.84
2022-02-04,0.24,0.24,0.24,0.24,0,0.0,0.0,0.0,1437.84
2022-02-07,0.21,0.21,0.21,0.21,1000,0.0,-0.125,210.0,1384.84
2022-02-08,0.21,0.21,0.21,0.21,0,0.0,0.0,0.0,1226.44
2022-02-09,0.21,0.21,0.21,0.21,0,0.0,0.0,0.0,1197.84
2022-02-10,0.22,0.23,0.22,0.23,23600,0.0455,0.0952,5428.0,1272.8
2022-02-11,0.23,0.23,0.23,0.23,800,0.0,0.0,184.0,1205.08
2022-02-14,0.23,0.25,0.23,0.25,15000,0.087,0.087,3750.0,1280.08
2022-02-15,0.23,0.23,0.23,0.23,13900,0.0,-0.08,3197.0,1344.02
2022-02-16,0.23,0.23,0.23,0.23,0,0.0,0.0,0.0,1344.02
2022-02-17,0.23,0.23,0.23,0.23,0,0.0,0.0,0.0,1344.02
2022-02-18,0.23,0.23,0.23,0.23,26900,0.0,0.0,6187.0,1466.5
2022-02-21,0.23,0.23,0.23,0.23,0,0.0,0.0,0.0,1462.3
2022-02-22,0.23,0.23,0.23,0.23,0,0.0,0.0,0.0,1462.3
2022-02-23,0.23,0.23,0.23,0.23,10000,0.0,0.0,2300.0,1468.7
2022-02-24,0.22,0.22,0.21,0.21,17500,-0.0455,-0.087,3675.0,1528.12
2022-02-25,0.21,0.21,0.21,0.21,0,0.0,0.0,0.0,1528.12
2022-02-28,0.21,0.21,0.21,0.21,400,0.0,0.0,84.0,1529.8
2022-03-01,0.22,0.22,0.21,0.21,39800,-0.0455,0.0,8358.0,1652.16
2022-03-02,0.21,0.21,0.21,0.21,0,0.0,0.0,0.0,1652.16
2022-03-03,0.21,0.21,0.21,0.21,10000,0.0,0.0,2100.0,1692.16
2022-03-04,0.21,0.21,0.21,0.21,10000,0.0,0.0,2100.0,1666.96
2022-03-07,0.2,0.2,0.2,0.2,20000,0.0,-0.0476,4000.0,1746.96
2022-03-08,0.2,0.2,0.2,0.2,0,0.0,0.0,0.0,1746.96
2022-03-09,0.2,0.2,0.2,0.2,0,0.0,0.0,0.0,1608.36
2022-03-10,0.2,0.2,0.2,0.2,39000,0.0,0.0,7800.0,1763.52
2022-03-11,0.2,0.2,0.2,0.2,0,0.0,0.0,0.0,1763.52
2022-03-14,0.2,0.2,0.2,0.2,0,0.0,0.0,0.0,1763.52
2022-03-15,0.2,0.2,0.2,0.2,37100,0.0,0.0,7420.0,1874.32
2022-03-16,0.2,0.2,0.2,0.2,56000,0.0,0.0,11200.0,1987.88
2022-03-17,0.2,0.2,0.2,0.2,3000,0.0,0.0,600.0,1999.88
2022-03-18,0.2,0.2,0.2,0.2,400,0.0,0.0,80.0,1763.98
2022-03-21,0.2,0.2,0.2,0.2,179400,0.0,0.0,35880.0,2481.58
2022-03-22,0.2,0.2,0.2,0.2,0,0.0,0.0,0.0,2454.7
2022-03-23,0.2,0.2,0.2,0.2,0,0.0,0.0,0.0,2454.22
2022-03-24,0.2,0.2,0.2,0.2,20000,0.0,0.0,4000.0,2523.66
2022-03-25,0.2,0.2,0.2,0.2,0,0.0,0.0,0.0,2523.66
2022-03-28,0.2,0.2,0.2,0.2,0,0.0,0.0,0.0,2369.58
2022-03-29,0.2,0.2,0.2,0.2,0,0.0,0.0,0.0,2369.58
2022-03-30,0.2,0.2,0.2,0.2,0,0.0,0.0,0.0,2369.58
2022-03-31,0.2,0.22,0.2,0.22,7600,0.1,0.1,1672.0,2358.58
2022-04-01,0.22,0.22,0.22,0.22,0,0.0,0.0,0.0,2358.58
2022-04-04,0.2,0.2,0.2,0.2,4100,0.0,-0.0909,820.0,2374.98
2022-04-05,0.2,0.2,0.2,0.2,11700,0.0,0.0,2340.0,2421.78
2022-04-06,0.2,0.2,0.2,0.2,0,0.0,0.0,0.0,2270.58
2022-04-07,0.2,0.2,0.2,0.2,0,0.0,0.0,0.0,2267.7
2022-04-08,0.2,0.2,0.2,0.2,0,0.0,0.0,0.0,2267.7
2022-04-11,0.2,0.2,0.2,0.2,0,0.0,0.0,0.0,2267.7
2022-04-12,0.2,0.2,0.2,0.2,0,0.0,0.0,0.0,2267.7
2022-04-13,0.2,0.2,0.2,0.2,0,0.0,0.0,0.0,2267.7
2022-04-14,0.2,0.2,0.2,0.2,3000,0.0,0.0,600.0,2279.7
2022-04-18,0.2,0.2,0.2,0.2,59300,0.0,0.0,11860.0,2516.9
2022-04-19,0.2,0.2,0.2,0.2,11000,0.0,0.0,2200.0,2556.7
2022-04-20,0.2,0.2,0.2,0.2,300,0.0,0.0,60.0,2557.9
2022-04-21,0.2,0.2,0.2,0.2,0,0.0,0.0,0.0,2557.9
2022-04-22,0.2,0.2,0.2,0.2,0,0.0,0.0,0.0,2449.34
2022-04-25,0.2,0.2,0.18,0.2,117300,0.0,0.0,23460.0,2914.86
2022-04-26,0.2,0.2,0.2,0.2,30000,0.0,0.0,6000.0,2959.86
2022-04-27,0.2,0.2,0.2,0.2,0,0.0,0.0,0.0,2895.92
2022-04-28,0.2,0.2,0.2,0.2,0,0.0,0.0,0.0,2895.92
2022-04-29,0.2,0.2,0.2,0.2,0,0.0,0.0,0.0,2895.92
2022-05-04,0.2,0.2,0.2,0.2,0,0.0,0.0,0.0,2772.18
2022-05-05,0.2,0.2,0.2,0.2,14500,0.0,0.0,2900.0,2830.18
2022-05-06,0.2,0.2,0.2,0.2,0,0.0,0.0,0.0,2830.18
2022-05-09,0.2,0.2,0.2,0.2,0,0.0,0.0,0.0,2784.18
2022-05-10,0.2,0.2,0.2,0.2,0,0.0,0.0,0.0,2710.68
2022-05-11,0.2,0.2,0.2,0.2,0,0.0,0.0,0.0,2710.68
2022-05-12,0.2,0.2,0.19,0.19,27000,-0.05,-0.05,5130.0,2811.6
2022-05-13,0.19,0.19,0.19,0.19,0,0.0,0.0,0.0,2644.44
2022-05-17,0.19,0.19,0.19,0.19,0,0.0,0.0,0.0,2644.44
2022-05-18,0.19,0.19,0.19,0.19,0,0.0,0.0,0.0,2602.44
2022-05-19,0.19,0.19,0.19,0.19,0,0.0,0.0,0.0,2560.44
2022-05-20,0.19,0.19,0.19,0.19,27500,0.0,0.0,5225.0,2584.94
2022-05-23,0.19,0.19,0.19,0.19,47700,0.0,0.0,9063.0,2766.2
2022-05-24,0.19,0.19,0.19,0.19,0,0.0,0.0,0.0,2766.2
2022-05-25,0.19,0.19,0.19,0.19,0,0.0,0.0,0.0,2610.2
2022-05-26,0.19,0.2,0.19,0.2,10300,0.0526,0.0526,2060.0,2651.4
2022-05-27,0.2,0.2,0.2,0.2,4000,0.0,0.0,800.0,2667.4
2022-05-30,0.2,0.2,0.2,0.2,0,0.0,0.0,0.0,2519.0
2022-05-31,0.2,0.2,0.2,0.2,0,0.0,0.0,0.0,2295.0
2022-06-01,0.2,0.2,0.19,0.19,112000,-0.05,-0.05,21280.0,2708.6
2022-06-02,0.19,0.19,0.19,0.19,0,0.0,0.0,0.0,2707.0
2022-06-03,0.19,0.19,0.19,0.19,0,0.0,0.0,0.0,1989.4
2022-06-06,0.19,0.19,0.19,0.19,15000,0.0,0.0,2850.0,2046.4
2022-06-07,0.19,0.19,0.19,0.19,0,0.0,0.0,0.0,2046.4
2022-06-08,0.19,0.19,0.19,0.19,0,0.0,0.0,0.0,1966.4
2022-06-09,0.19,0.19,0.17,0.17,5600,-0.1053,-0.1053,952.0,1985.44
2022-06-10,0.17,0.17,0.17,0.17,0,0.0,0.0,0.0,1985.44
2022-06-13,0.18,0.2,0.18,0.18,92000,0.0,0.0588,16560.0,2316.64
2022-06-14,0.18,0.19,0.18,0.19,88900,0.0556,0.0556,16891.0,2654.46
2022-06-15,0.18,0.18,0.18,0.18,5000,0.0,-0.0526,900.0,2639.02
2022-06-16,0.19,0.19,0.19,0.19,85700,0.0,0.0556,16283.0,2964.68
2022-06-17,0.19,0.19,0.19,0.19,0,0.0,0.0,0.0,2948.28
2022-06-20,0.19,0.19,0.19,0.19,0,0.0,0.0,0.0,2901.48
2022-06-21,0.19,0.19,0.19,0.19,31000,0.0,0.0,5890.0,3019.28
2022-06-22,0.19,0.19,0.18,0.18,41600,-0.0526,-0.0526,7488.0,3169.04
2022-06-23,0.18,0.18,0.18,0.18,0,0.0,0.0,0.0,3169.04
2022-06-24,0.18,0.18,0.18,0.18,0,0.0,0.0,0.0,3169.04
2022-06-27,0.18,0.18,0.18,0.18,0,0.0,0.0,0.0,3169.04
2022-06-28,0.18,0.18,0.18,0.18,17000,0.0,0.0,3060.0,3230.24
2022-06-29,0.18,0.18,0.18,0.18,30000,0.0,0.0,5400.0,3326.24
2022-06-30,0.18,0.18,0.18,0.18,0,0.0,0.0,0.0,3089.04
2022-07-01,0.18,0.18,0.18,0.18,0,0.0,0.0,0.0,3045.04
2022-07-04,0.18,0.18,0.18,0.18,0,0.0,0.0,0.0,3043.84
2022-07-05,0.19,0.19,0.18,0.18,5200,-0.0526,0.0,936.0,3062.56
2022-07-06,0.18,0.18,0.18,0.18,0,0.0,0.0,0.0,3062.56
2022-07-07,0.18,0.18,0.18,0.18,0,0.0,0.0,0.0,2593.36
2022-07-08,0.18,0.18,0.18,0.18,0,0.0,0.0,0.0,2473.36
2022-07-12,0.18,0.19,0.17,0.19,17200,0.0556,0.0556,3268.0,2538.72
2022-07-13,0.19,0.19,0.19,0.19,0,0.0,0.0,0.0,2538.72
2022-07-14,0.19,0.19,0.19,0.19,0,0.0,0.0,0.0,2538.72
2022-07-15,0.19,0.19,0.19,0.19,0,0.0,0.0,0.0,2538.72
2022-07-18,0.19,0.19,0.19,0.19,0,0.0,0.0,0.0,2480.72
2022-07-19,0.19,0.19,0.19,0.19,0,0.0,0.0,0.0,2480.72
2022-07-20,0.17,0.17,0.17,0.17,5000,0.0,-0.1053,850.0,2497.72
2022-07-21,0.17,0.17,0.17,0.17,0,0.0,0.0,0.0,2497.72
2022-07-22,0.17,0.17,0.17,0.17,0,0.0,0.0,0.0,2497.72
2022-07-25,0.19,0.19,0.19,0.19,300,0.0,0.1176,57.0,2396.26
2022-07-26,0.19,0.19,0.19,0.19,0,0.0,0.0,0.0,2396.26
2022-07-27,0.19,0.19,0.19,0.19,10000,0.0,0.0,1900.0,2434.26
2022-07-28,0.19,0.19,0.19,0.19,0,0.0,0.0,0.0,2434.26
2022-07-29,0.18,0.18,0.18,0.18,29000,0.0,-0.0526,5220.0,2538.66
2022-08-01,0.19,0.19,0.19,0.19,44400,0.0,0.0556,8436.0,2602.88
2022-08-02,0.2,0.2,0.19,0.19,55200,-0.05,0.0,10488.0,2631.38
2022-08-03,0.19,0.19,0.19,0.19,1100,0.0,0.0,209.0,2635.56
2022-08-04,0.2,0.2,0.2,0.2,2200,0.0,0.0526,440.0,2644.36
2022-08-05,0.2,0.2,0.2,0.2,0,0.0,0.0,0.0,2603.16
2022-08-08,0.2,0.2,0.2,0.2,200,0.0,0.0,40.0,2587.96
2022-08-10,0.19,0.19,0.19,0.19,3000,0.0,-0.05,570.0,2599.36
2022-08-11,0.19,0.19,0.19,0.19,0,0.0,0.0,0.0,2599.36
2022-08-12,0.19,0.19,0.19,0.19,0,0.0,0.0,0.0,2173.76
2022-08-15,0.19,0.19,0.19,0.19,0,0.0,0.0,0.0,2173.76
2022-08-16,0.19,0.19,0.19,0.19,26700,0.0,0.0,5073.0,2275.22
2022-08-17,0.19,0.19,0.19,0.19,0,0.0,0.0,0.0,2218.22
2022-08-18,0.19,0.19,0.19,0.19,0,0.0,0.0,0.0,2218.22
2022-08-19,0.19,0.19,0.19,0.19,100,0.0,0.0,19.0,2218.6
2022-08-22,0.19,0.19,0.19,0.19,8000,0.0,0.0,1520.0,2229.96
2022-08-23,0.19,0.19,0.19,0.19,0,0.0,0.0,0.0,2229.96
2022-08-24,0.19,0.19,0.19,0.19,0,0.0,0.0,0.0,1898.76
2022-08-25,0.19,0.2,0.19,0.19,93600,0.0,0.0,17784.0,1916.62
2022-08-26,0.2,0.2,0.2,0.2,3400,0.0,0.0526,680.0,1912.22
2022-08-29,0.2,0.2,0.19,0.19,65000,-0.05,-0.05,12350.0,1833.56
2022-08-30,0.19,0.19,0.19,0.19,0,0.0,0.0,0.0,1833.56
2022-08-31,0.19,0.19,0.19,0.19,6000,0.0,0.0,1140.0,1856.36
2022-09-01,0.19,0.19,0.19,0.19,69100,0.0,0.0,13129.0,2001.14
2022-09-02,0.19,0.19,0.19,0.19,0,0.0,0.0,0.0,1851.38
2022-09-05,0.2,0.2,0.2,0.2,300,0.0,0.0526,60.0,1852.58
2022-09-06,0.2,0.2,0.2,0.2,0,0.0,0.0,0.0,1852.58
2022-09-07,0.2,0.2,0.2,0.2,0,0.0,0.0,0.0,1852.58
2022-09-08,0.2,0.2,0.2,0.2,0,0.0,0.0,0.0,1791.38
2022-09-09,0.19,0.19,0.19,0.19,3900,0.0,-0.05,741.0,1698.2
2022-09-12,0.19,0.19,0.19,0.19,100,0.0,0.0,19.0,1698.58
2022-09-13,0.19,0.19,0.19,0.19,0,0.0,0.0,0.0,1698.58
2022-09-14,0.19,0.19,0.19,0.19,0,0.0,0.0,0.0,1698.58
2022-09-15,0.19,0.19,0.19,0.19,0,0.0,0.0,0.0,1679.86
2022-09-16,0.19,0.19,0.19,0.19,5000,0.0,0.0,950.0,1698.86
2022-09-19,0.19,0.19,0.19,0.19,0,0.0,0.0,0.0,1698.86
2022-09-20,0.19,0.19,0.19,0.19,0,0.0,0.0,0.0,1698.86
2022-09-21,0.19,0.19,0.19,0.19,0,0.0,0.0,0.0,1633.5
2022-09-22,0.19,0.19,0.19,0.19,0,0.0,0.0,0.0,1633.5
2022-09-23,0.19,0.19,0.19,0.19,0,0.0,0.0,0.0,1633.5
2022-09-26,0.19,0.19,0.18,0.18,33700,-0.0526,-0.0526,6066.0,1754.82
2022-09-27,0.18,0.18,0.18,0.18,20000,0.0,0.0,3600.0,1826.82
2022-09-28,0.18,0.18,0.18,0.18,65300,0.0,0.0,11754.0,2061.9
2022-09-29,0.18,0.18,0.18,0.18,0,0.0,0.0,0.0,2044.9
2022-09-30,0.18,0.18,0.18,0.18,0,0.0,0.0,0.0,2044.9
2022-10-03,0.18,0.18,0.18,0.18,0,0.0,0.0,0.0,2044.9
2022-10-04,0.18,0.18,0.18,0.18,0,0.0,0.0,0.0,2043.76
2022-10-05,0.18,0.18,0.18,0.18,0,0.0,0.0,0.0,2043.76
2022-10-06,0.18,0.18,0.18,0.18,0,0.0,0.0,0.0,2005.76
2022-10-07,0.18,0.18,0.18,0.18,0,0.0,0.0,0.0,2005.76
2022-10-10,0.17,0.18,0.17,0.17,60600,0.0,-0.0556,10302.0,2107.4
2022-10-11,0.17,0.17,0.17,0.17,0,0.0,0.0,0.0,1938.68
2022-10-12,0.17,0.17,0.17,0.17,0,0.0,0.0,0.0,1728.92
2022-10-13,0.17,0.17,0.17,0.17,2400,0.0,0.0,408.0,1732.9
2022-10-14,0.17,0.18,0.17,0.18,3100,0.0588,0.0588,558.0,1735.26
2022-10-17,0.18,0.18,0.18,0.18,0,0.0,0.0,0.0,1735.26
2022-10-18,0.18,0.18,0.18,0.18,0,0.0,0.0,0.0,1734.46
2022-10-19,0.18,0.19,0.18,0.19,10300,0.0556,0.0556,1957.0,1762.2
2022-10-20,0.19,0.19,0.19,0.19,5000,0.0,0.0,950.0,1781.2
2022-10-21,0.19,0.19,0.19,0.19,0,0.0,0.0,0.0,1781.2
2022-10-25,0.19,0.19,0.19,0.19,0,0.0,0.0,0.0,1781.2
2022-10-26,0.17,0.17,0.17,0.17,47000,0.0,-0.1053,7990.0,1839.54
2022-10-27,0.18,0.18,0.18,0.18,5000,0.0,0.0588,900.0,1857.54
2022-10-28,0.18,0.18,0.18,0.18,0,0.0,0.0,0.0,1857.54
2022-10-31,0.17,0.17,0.17,0.17,5000,0.0,-0.0556,850.0,1874.16
2022-11-01,0.17,0.17,0.17,0.17,3000,0.0,0.0,510.0,1853.96
2022-11-02,0.17,0.17,0.17,0.17,0,0.0,0.0,0.0,1853.96
2022-11-03,0.17,0.17,0.17,0.17,0,0.0,0.0,0.0,1853.96
2022-11-04,0.17,0.17,0.17,0.17,0,0.0,0.0,0.0,1498.28
2022-11-07,0.17,0.17,0.17,0.17,58700,0.0,0.0,9979.0,1684.26
2022-11-08,0.17,0.17,0.17,0.17,0,0.0,0.0,0.0,1437.26
2022-11-09,0.17,0.17,0.17,0.17,0,0.0,0.0,0.0,1437.26
2022-11-10,0.17,0.17,0.17,0.17,0,0.0,0.0,0.0,1414.46
2022-11-11,0.17,0.17,0.17,0.17,9000,0.0,0.0,1530.0,1182.48
2022-11-14,0.17,0.17,0.17,0.17,0,0.0,0.0,0.0,1182.48
2022-11-15,0.19,0.19,0.19,0.19,100,0.0,0.1176,19.0,1181.66
2022-11-16,0.19,0.19,0.19,0.19,0,0.0,0.0,0.0,1181.66
2022-11-17,0.19,0.19,0.19,0.19,0,0.0,0.0,0.0,1181.66
2022-11-18,0.18,0.18,0.18,0.18,20000,0.0,-0.0526,3600.0,1253.66
2022-11-21,0.17,0.17,0.17,0.17,18500,0.0,-0.0556,3145.0,1301.74
2022-11-22,0.17,0.17,0.17,0.17,3000,0.0,0.0,510.0,1311.56
2022-11-23,0.17,0.17,0.17,0.17,0,0.0,0.0,0.0,1311.56
2022-11-24,0.17,0.17,0.17,0.17,11000,0.0,0.0,1870.0,1348.96
2022-11-25,0.17,0.17,0.17,0.17,0,0.0,0.0,0.0,1348.96
2022-11-28,0.18,0.18,0.18,0.18,10000,0.0,0.0588,1800.0,1365.96
2022-11-29,0.18,0.18,0.18,0.18,0,0.0,0.0,0.0,1365.96
2022-11-30,0.18,0.18,0.18,0.18,0,0.0,0.0,0.0,1365.96
2022-12-01,0.17,0.17,0.17,0.17,407000,0.0,-0.0556,69190.0,2749.76
2022-12-02,0.17,0.18,0.17,0.17,24800,0.0,0.0,4216.0,2834.08
2022-12-05,0.17,0.18,0.17,0.18,392500,0.0588,0.0588,70650.0,4247.08
2022-12-06,0.18,0.18,0.18,0.18,0,0.0,0.0,0.0,4125.76
2022-12-07,0.17,0.17,0.17,0.17,3000,0.0,-0.0556,510.0,4063.96
2022-12-08,0.17,0.17,0.17,0.17,0,0.0,0.0,0.0,3828.88
2022-12-09,0.17,0.17,0.17,0.17,0,0.0,0.0,0.0,3828.88
2022-12-12,0.17,0.17,0.17,0.17,160000,0.0,0.0,27200.0,4372.88
2022-12-13,0.17,0.17,0.17,0.17,194300,0.0,0.0,33031.0,5033.5
2022-12-14,0.17,0.17,0.17,0.17,6000,0.0,0.0,1020.0,5053.9
2022-12-15,0.17,0.17,0.17,0.17,0,0.0,0.0,0.0,5053.9
2022-12-16,0.17,0.17,0.17,0.17,0,0.0,0.0,0.0,5053.9
2022-12-19,0.17,0.17,0.17,0.17,0,0.0,0.0,0.0,5053.9
2022-12-20,0.17,0.17,0.17,0.17,8000,0.0,0.0,1360.0,4875.06
2022-12-21,0.17,0.17,0.17,0.17,0,0.0,0.0,0.0,4875.06
2022-12-22,0.17,0.17,0.17,0.17,0,0.0,0.0,0.0,4875.06
2022-12-23,0.17,0.17,0.17,0.17,0,0.0,0.0,0.0,4866.9
2022-12-27,0.17,0.17,0.17,0.17,0,0.0,0.0,0.0,4855.74
2022-12-28,0.17,0.17,0.17,0.17,0,0.0,0.0,0.0,4855.74
2022-12-29,0.17,0.17,0.17,0.17,0,0.0,0.0,0.0,4855.74
2022-12-30,0.17,0.17,0.17,0.17,107800,0.0,0.0,18326.0,5183.12
2023-01-03,0.17,0.17,0.17,0.17,0,0.0,0.0,0.0,5164.12
2023-01-04,0.17,0.17,0.17,0.17,0,0.0,0.0,0.0,5164.12
2023-01-05,0.17,0.17,0.17,0.17,0,0.0,0.0,0.0,5164.12
2023-01-06,0.17,0.17,0.17,0.17,1000,0.0,0.0,170.0,5007.72
2023-01-09,0.17,0.18,0.17,0.18,5100,0.0588,0.0588,918.0,5008.08
2023-01-10,0.17,0.17,0.17,0.17,3000,0.0,-0.0556,510.0,5018.28
2023-01-11,0.17,0.17,0.17,0.17,0,0.0,0.0,0.0,5001.28
2023-01-12,0.17,0.17,0.17,0.17,0,0.0,0.0,0.0,4991.08
2023-01-13,0.17,0.17,0.17,0.17,13000,0.0,0.0,2210.0,5035.28
2023-01-16,0.17,0.17,0.17,0.17,220400,0.0,0.0,37468.0,5784.64
2023-01-17,0.18,0.18,0.18,0.18,3500,0.0,0.0588,630.0,5797.24
2023-01-18,0.18,0.18,0.17,0.17,25000,-0.0556,-0.0556,4250.0,5682.66
2023-01-19,0.17,0.17,0.17,0.17,100,0.0,0.0,17.0,5683.0
2023-01-20,0.17,0.17,0.17,0.17,0,0.0,0.0,0.0,5683.0
2023-01-25,0.17,0.17,0.17,0.17,0,0.0,0.0,0.0,5683.0
2023-01-26,0.17,0.17,0.17,0.17,40000,0.0,0.0,6800.0,5788.4
2023-01-27,0.19,0.19,0.19,0.19,60100,0.0,0.1176,11419.0,6016.78
2023-01-30,0.18,0.18,0.17,0.18,90000,0.0,-0.0526,16200.0,6340.4
2023-01-31,0.18,0.18,0.18,0.18,0,0.0,0.0,0.0,6340.4
2023-02-01,0.17,0.19,0.17,0.19,30500,0.1176,0.0556,5795.0,6456.3
2023-02-02,0.18,0.19,0.18,0.18,32000,0.0,-0.0526,5760.0,6499.5
2023-02-03,0.19,0.19,0.18,0.19,25000,0.0,0.0556,4750.0,6531.6
2023-02-06,0.19,0.19,0.19,0.19,2600,0.0,0.0,494.0,6531.28
2023-02-07,0.18,0.18,0.18,0.18,5000,0.0,-0.0526,900.0,6549.28
2023-02-08,0.18,0.18,0.18,0.18,5000,0.0,0.0,900.0,6529.88
2023-02-09,0.19,0.19,0.18,0.18,9000,-0.0526,0.0,1620.0,6562.28
2023-02-10,0.18,0.18,0.18,0.18,5000,0.0,0.0,900.0,6544.28
2023-02-13,0.18,0.18,0.18,0.18,200,0.0,0.0,36.0,6545.0
2023-02-14,0.18,0.18,0.18,0.18,0,0.0,0.0,0.0,6545.0
2023-02-15,0.18,0.18,0.18,0.18,0,0.0,0.0,0.0,5161.2
2023-02-16,0.18,0.18,0.18,0.18,10000,0.0,0.0,1800.0,5112.88
2023-02-17,0.18,0.18,0.18,0.18,0,0.0,0.0,0.0,3699.88
2023-02-20,0.18,0.18,0.18,0.18,25100,0.0,0.0,4518.0,3790.24
2023-02-21,0.18,0.18,0.18,0.18,0,0.0,0.0,0.0,3780.04
2023-02-22,0.18,0.18,0.18,0.18,10000,0.0,0.0,1800.0,3816.04
2023-02-23,0.18,0.18,0.18,0.18,10300,0.0,0.0,1854.0,3853.12
2023-02-24,0.18,0.19,0.18,0.19,9800,0.0556,0.0556,1862.0,3346.36
2023-02-27,0.18,0.18,0.18,0.18,10000,0.0,-0.0526,1800.0,2721.74
2023-02-28,0.18,0.18,0.18,0.18,31000,0.0,0.0,5580.0,2812.94
2023-03-01,0.18,0.18,0.18,0.18,30000,0.0,0.0,5400.0,2920.94
2023-03-02,0.17,0.17,0.17,0.17,11000,0.0,-0.0556,1870.0,2958.34
2023-03-03,0.18,0.18,0.16,0.16,20300,-0.1111,-0.0588,3248.0,3023.3
2023-03-06,0.16,0.16,0.16,0.16,47200,0.0,0.0,7552.0,3147.14
2023-03-07,0.16,0.16,0.15,0.16,18000,0.0,0.0,2880.0,3204.74
2023-03-08,0.16,0.17,0.16,0.17,21900,0.0625,0.0625,3723.0,3279.2
2023-03-09,0.17,0.17,0.17,0.17,10800,0.0,0.0,1836.0,3315.92
2023-03-10,0.17,0.17,0.17,0.17,0,0.0,0.0,0.0,3315.92
2023-03-13,0.17,0.17,0.17,0.17,0,0.0,0.0,0.0,3315.92
2023-03-14,0.17,0.17,0.17,0.17,0,0.0,0.0,0.0,3315.92
2023-03-15,0.17,0.17,0.17,0.17,10000,0.0,0.0,1700.0,2983.4
2023-03-16,0.15,0.17,0.15,0.17,40100,0.1333,0.0,6817.0,3119.74
2023-03-17,0.17,0.17,0.17,0.17,0,0.0,0.0,0.0,3119.74
2023-03-20,0.17,0.17,0.17,0.17,0,0.0,0.0,0.0,3119.74
2023-03-21,0.17,0.17,0.17,0.17,0,0.0,0.0,0.0,3116.34
2023-03-22,0.17,0.17,0.15,0.15,400,-0.1176,-0.1176,60.0,3099.18
2023-03-23,0.17,0.17,0.15,0.15,27600,-0.1176,0.0,4140.0,3171.78
2023-03-24,0.16,0.17,0.15,0.17,108500,0.0625,0.1333,18445.0,3540.68
2023-03-27,0.17,0.17,0.17,0.17,10300,0.0,0.0,1751.0,3575.7
2023-03-28,0.16,0.16,0.16,0.16,1600,0.0,-0.0588,256.0,3536.62
2023-03-29,0.16,0.16,0.16,0.16,0,0.0,0.0,0.0,2787.26
2023-03-30,0.16,0.17,0.15,0.16,144900,0.0,0.0,23184.0,3238.34
2023-03-31,0.16,0.17,0.16,0.17,25000,0.0625,0.0625,4250.0,3238.34
2023-04-03,0.17,0.17,0.17,0.17,10000,0.0,0.0,1700.0,3272.0
2023-04-04,0.16,0.16,0.16,0.16,129300,0.0,-0.0588,20688.0,3685.76
2023-04-05,0.16,0.16,0.16,0.16,8900,0.0,0.0,1424.0,3714.24
2023-04-06,0.16,0.16,0.16,0.16,0,0.0,0.0,0.0,3578.24
2023-04-10,0.15,0.17,0.15,0.16,50100,0.0667,0.0,8016.0,3510.18
2023-04-11,0.16,0.16,0.16,0.16,37000,0.0,0.0,5920.0,3304.58
2023-04-12,0.16,0.16,0.16,0.16,0,0.0,0.0,0.0,3304.58
2023-04-13,0.16,0.16,0.16,0.16,20000,0.0,0.0,3200.0,3252.68
2023-04-14,0.16,0.16,0.16,0.16,25000,0.0,0.0,4000.0,3217.48
2023-04-17,0.16,0.16,0.16,0.16,0,0.0,0.0,0.0,3122.48
2023-04-18,0.16,0.16,0.16,0.16,13400,0.0,0.0,2144.0,3155.48
2023-04-19,0.16,0.16,0.16,0.16,0,0.0,0.0,0.0,3137.48
2023-04-20,0.16,0.16,0.16,0.16,42200,0.0,0.0,6752.0,3254.52
2023-04-21,0.16,0.16,0.16,0.16,42800,0.0,0.0,6848.0,3359.08
2023-04-24,0.16,0.16,0.16,0.16,31000,0.0,0.0,4960.0,3440.28
2023-04-25,0.16,0.16,0.16,0.16,7500,0.0,0.0,1200.0,3463.56
2023-04-26,0.16,0.16,0.16,0.16,20000,0.0,0.0,3200.0,3527.56
2023-04-27,0.16,0.17,0.16,0.17,31800,0.0625,0.0625,5406.0,3635.68
2023-04-28,0.17,0.17,0.16,0.16,2000,-0.0588,-0.0588,320.0,3606.08
2023-05-02,0.16,0.17,0.16,0.17,154100,0.0625,0.0625,26197.0,4130.02
2023-05-03,0.16,0.16,0.15,0.16,184800,0.0,-0.0588,29568.0,4631.02
2023-05-04,0.16,0.16,0.16,0.16,0,0.0,0.0,0.0,4631.02
2023-05-05,0.16,0.16,0.16,0.16,0,0.0,0.0,0.0,4595.02
2023-05-08,0.15,0.15,0.15,0.15,21700,0.0,-0.0625,3255.0,4623.04
2023-05-09,0.16,0.16,0.16,0.16,10000,0.0,0.0667,1600.0,4617.8
2023-05-10,0.16,0.16,0.16,0.16,0,0.0,0.0,0.0,4581.8
2023-05-11,0.16,0.16,0.16,0.16,200,0.0,0.0,32.0,4470.84
2023-05-12,0.16,0.16,0.16,0.16,320100,0.0,0.0,51216.0,5387.16
2023-05-15,0.16,0.16,0.16,0.16,0,0.0,0.0,0.0,5349.76
2023-05-16,0.16,0.16,0.16,0.16,10000,0.0,0.0,1600.0,5316.8
2023-05-17,0.16,0.16,0.16,0.16,1400,0.0,0.0,224.0,5170.24
2023-05-18,0.16,0.16,0.16,0.16,30000,0.0,0.0,4800.0,5208.64
2023-05-19,0.16,0.16,0.16,0.16,6500,0.0,0.0,1040.0,5154.98
2023-05-22,0.16,0.16,0.16,0.16,0,0.0,0.0,0.0,5118.26
2023-05-23,0.16,0.16,0.16,0.16,0,0.0,0.0,0.0,5118.26
2023-05-24,0.16,0.16,0.16,0.16,50000,0.0,0.0,8000.0,5278.26
2023-05-25,0.16,0.16,0.16,0.16,0,0.0,0.0,0.0,5278.26
2023-05-26,0.15,0.15,0.15,0.15,7400,0.0,-0.0625,1110.0,5266.46
2023-05-29,0.15,0.15,0.15,0.15,0,0.0,0.0,0.0,5130.12
2023-05-30,0.15,0.16,0.15,0.16,65700,0.0667,0.0667,10512.0,5340.36
2023-05-31,0.16,0.16,0.15,0.16,17000,0.0,0.0,2720.0,5394.76
2023-06-01,0.16,0.16,0.16,0.16,0,0.0,0.0,0.0,5394.76
2023-06-05,0.16,0.16,0.16,0.16,0,0.0,0.0,0.0,5393.56
2023-06-06,0.16,0.16,0.16,0.16,0,0.0,0.0,0.0,5310.76
2023-06-07,0.16,0.16,0.16,0.16,0,0.0,0.0,0.0,4941.86
2023-06-08,0.16,0.16,0.16,0.16,0,0.0,0.0,0.0,4906.84
2023-06-09,0.16,0.16,0.15,0.16,41100,0.0,0.0,6576.0,5033.24
2023-06-12,0.16,0.16,0.16,0.16,100,0.0,0.0,16.0,5033.56
2023-06-13,0.16,0.16,0.16,0.16,0,0.0,0.0,0.0,4569.88
2023-06-14,0.16,0.16,0.16,0.16,0,0.0,0.0,0.0,4484.88
2023-06-15,0.16,0.16,0.15,0.16,3200,0.0,0.0,512.0,4461.12
2023-06-16,0.15,0.16,0.15,0.16,148900,0.0667,0.0,23824.0,4523.84
2023-06-19,0.16,0.16,0.16,0.16,0,0.0,0.0,0.0,4495.36
2023-06-20,0.16,0.16,0.16,0.16,0,0.0,0.0,0.0,4495.36
2023-06-21,0.16,0.16,0.16,0.16,0,0.0,0.0,0.0,4335.04
2023-06-22,0.16,0.16,0.16,0.16,0,0.0,0.0,0.0,4216.64
2023-06-23,0.16,0.16,0.16,0.16,0,0.0,0.0,0.0,4216.64
2023-06-26,0.16,0.16,0.16,0.16,0,0.0,0.0,0.0,4152.64
2023-06-27,0.16,0.16,0.16,0.16,0,0.0,0.0,0.0,4072.64
2023-06-28,0.16,0.16,0.16,0.16,0,0.0,0.0,0.0,4072.64
2023-06-30,0.16,0.16,0.16,0.16,0,0.0,0.0,0.0,4029.76
2023-07-03,0.16,0.16,0.16,0.16,0,0.0,0.0,0.0,4029.76
2023-07-04,0.16,0.16,0.16,0.16,0,0.0,0.0,0.0,3894.72
2023-07-05,0.15,0.16,0.15,0.16,4700,0.0667,0.0,752.0,3772.8
2023-07-06,0.16,0.16,0.16,0.16,100,0.0,0.0,16.0,3673.92
2023-07-07,0.16,0.16,0.16,0.16,0,0.0,0.0,0.0,3649.92
2023-07-10,0.16,0.16,0.16,0.16,0,0.0,0.0,0.0,3585.92
2023-07-11,0.16,0.16,0.16,0.16,191300,0.0,0.0,30608.0,4089.96
