Symbol,Name,High,Low,Close,Volume,Change ($),Change (%)
1A0,Katrina Group Ltd.,0.0200,0.0200,0.0200,20000,-0.0100,33.33
1A1,Wong Fong Industries Limited,0.1330,0.1330,0.1330,100,0.0000,0.00
1A4,Agv Group Limited,0.0100,0.0100,0.0100,0,0.0000,0.00
1AZ,Audience,0.3200,0.3200,0.3200,0,0.0000,0.00
1B0,Mm2 Asia Ltd.,0.0400,0.0390,0.0390,305000,0.0000,0.00
1B1,Hc Surgical Specialistslimited,0.3950,0.3950,0.3950,500,0.0000,0.00
1B6,Ocean Sky International Ltd,0.0430,0.0430,0.0430,0,0.0000,0.00
1C0,Cedar Strategic Holdings Ltd,0.0340,0.0340,0.0340,0,0.0000,0.00
1C5,Pacific Star Development Ltd,0.0430,0.0430,0.0430,0,0.0000,0.00
1D0,Kimly Limited,0.3400,0.3350,0.3350,43400,-0.0050,1.47
1D1,Unusual Limited,0.1940,0.1900,0.1940,312800,0.0030,1.57
1D3,Lifebrandz Ltd.,0.0010,0.0010,0.0010,6700,-0.0010,50.00
1D4,Aoxin Q & M Dental Grp Limited,0.0840,0.0840,0.0840,0,0.0000,0.00
1D5,Capital World Limited.,0.0050,0.0050,0.0050,0,0.0000,0.00
1E3,Sanli Environmental Limited,0.1090,0.1090,0.1090,100,0.0030,2.83
1F0,Shopper360 Limited,0.0950,0.0950,0.0950,0,0.0000,0.00
1F1,Y Ventures Group Ltd.,0.0270,0.0250,0.0260,820100,-0.0010,3.70
1F2,Union Gas Holdings Limited,0.4000,0.3750,0.3850,209800,0.0050,1.32
1F3,Aspen (group) Holdings Limited,0.0330,0.0330,0.0330,661100,0.0010,3.13
1G1,Re&s Holdings Limited,0.2750,0.2750,0.2750,23000,-0.0050,1.79
1G6,No Signboard Holdings Ltd.,0.0310,0.0310,0.0310,0,0.0000,0.00
1H2,Olive Tree Estates Limited,0.0880,0.0880,0.0880,0,0.0000,0.00
1H3,Clearbridge Health Limited,0.0280,0.0260,0.0270,3814000,0.0010,3.85
1H8,Ly Corporation Limited,0.0360,0.0360,0.0360,1200,0.0000,0.00
1J0,Slb Development Ltd.,0.1310,0.1310,0.1310,0,0.0000,0.00
1J4,Jep Holdings Ltd.,0.3100,0.3100,0.3100,233600,-0.0050,1.59
1J5,Hyphens Pharma Intl Limited,0.2850,0.2800,0.2800,50000,0.0000,0.00
1J7,Jawala Inc.,0.0710,0.0710,0.0710,0,0.0000,0.00
1N5W,Xiaomi Mbecw231004,0.0050,0.0050,0.0050,0,0.0000,0.00
1R6,Avi-tech Hldg,0.2950,0.2700,0.2950,29600,0.0150,5.36
1U7W,Hsi 17400mbepw230830,0.0320,0.0270,0.0270,774800,-0.0160,37.21
1V3,Mooreast,0.1530,0.1530,0.1530,100,0.0030,2.00
1V5W,Sembind Mbecw240202,0.0250,0.0250,0.0250,0,0.0000,0.00
1X5W,Aia 5xshortub250430,0.0780,0.0780,0.0780,300,-0.0150,16.13
1XMW,Nasdaq 10000mbepw230616,0.0330,0.0330,0.0330,0,0.0000,0.00
1Y1,Vikingoffshore,0.0510,0.0490,0.0510,395300,0.0010,2.00
3UJS,Ny09100h 240901,99.80,99.80,99.80,0,0.00,0.00
40B,Smj International Holdingsltd.,0.1440,0.1440,0.1440,0,0.0000,0.00
40E,Spackman Entertainment Grp Ltd,0.0030,0.0020,0.0030,1401600,0.0000,0.00
40F,Alliance Mineral Assetslimited,0.0780,0.0780,0.0780,0,0.0000,0.00
40N,Versalink Holdings Limited,0.0500,0.0360,0.0500,19500,0.0030,6.38
40T,Isec Healthcare Ltd.,0.4600,0.4600,0.4600,0,0.0000,0.00
40V,Singapore Edevelopment Ltd,0.0170,0.0150,0.0170,537900,0.0000,0.00
40W,Zico Holdings Inc.,0.0650,0.0630,0.0650,100100,-0.0050,7.14
41B,Huationg Global Limited,0.1800,0.1730,0.1740,324100,-0.0030,1.69
41F,Gss Energy Limited,0.0410,0.0390,0.0390,757500,0.0010,2.63
41H,Blackgold Natural Resourcesltd,0.0030,0.0030,0.0030,0,0.0000,0.00
41O,Lhn Limited,0.4000,0.3800,0.3950,9116500,0.0150,3.95
41T,Gccp Resources Limited,0.0100,0.0100,0.0100,245000,0.0010,11.11
42C,Ix Biopharma Ltd.,0.0830,0.0790,0.0810,263600,-0.0020,2.41
42D,Nauticawt Limited,0.0060,0.0060,0.0060,0,0.0000,0.00
42E,Choo Chiang Holdings Ltd.,0.3350,0.3300,0.3300,75000,0.0000,0.00
42F,Cmc Infocomm Limited,0.0640,0.0640,0.0640,195000,0.0000,0.00
42L,Tlv Holdings Limited,0.0830,0.0830,0.0830,0,0.0000,0.00
42N,Ips Securex Holdings Limited,0.0260,0.0240,0.0260,435100,0.0010,4.00
42R,Jumbo Group Limited,0.3050,0.2950,0.3000,127200,0.0100,3.45
42S,Astaka Holdings Limited,0.0880,0.0880,0.0880,0,0.0000,0.00
42T,The Trendlines Group Ltd.,0.0990,0.0960,0.0990,37000,0.0030,3.13
42U,Axcelasia Inc.,0.1900,0.1900,0.1900,0,0.0000,0.00
42W,China Star Food Group Limited,0.0240,0.0220,0.0240,2105400,0.0020,9.09
42Z,Eindec Corporation Limited,0.0330,0.0330,0.0330,0,0.0000,0.00
43A,Gs Holdings Limited,0.0800,0.0800,0.0800,0,0.0000,0.00
43B,Secura Group Limited,0.0600,0.0600,0.0600,53000,0.0000,0.00
43E,Anchor Resources Limited,0.0060,0.0050,0.0060,2700,0.0000,0.00
43F,Acromec Limited,0.0340,0.0310,0.0340,10100,0.0010,3.03
43Q,Advancer Global Limited,0.1180,0.1180,0.1180,0,0.0000,0.00
44RW,Kepcorp 5xshortub250530,0.3250,0.3150,0.3150,400,-0.0250,7.35
44TW,Lining 5xshortub250321,1.450,1.360,1.450,500,-0.110,7.05
45IW,Cmb 5xlongub250430,0.0160,0.0140,0.0140,200,-0.0010,6.67
48HW,Lining 5xlongub250430,0.0060,0.0060,0.0060,0,0.0000,0.00
49B,Amos Group,0.1000,0.0990,0.1000,2500,0.0090,9.89
500,Tai Sin Electric Limited,0.4050,0.4050,0.4050,0,0.0000,0.00
502,Hsr Global Limited,0.0030,0.0030,0.0030,2600,0.0000,0.00
504,Klw Holdings Ltd,0.0020,0.0020,0.0020,4200,-0.0010,33.33
505,Asiamedic Limited,0.0090,0.0090,0.0090,19000,0.0000,0.00
508,Fuji Offset Plates Mfg Ltd,0.3300,0.3300,0.3300,0,0.0000,0.00
510,Hiap Seng Engineering Ltd,0.0200,0.0200,0.0200,0,0.0000,0.00
528,Second Chance Properties Ltd,0.2150,0.2100,0.2150,25100,-0.0050,2.27
52HW,Simsci 280mbepw230630,0.0380,0.0380,0.0380,0,0.0000,0.00
52JW,Simsci 330mbecw230630,0.0350,0.0350,0.0350,0,0.0000,0.00
532,DISA,0.0020,0.0020,0.0020,2200,-0.0010,33.33
533,Abr Holdings Limited,0.4500,0.4500,0.4500,0,0.0000,0.00
540,Tung Lok Restaurants 2000 Ltd,0.1290,0.1260,0.1260,20100,0.0000,0.00
541,Craft Print International Ltd,0.0260,0.0260,0.0260,0,0.0000,0.00
543,Noel Gifts International Ltd,0.2000,0.2000,0.2000,0,0.0000,0.00
544,Cse Global Ltd,0.4150,0.4100,0.4100,3068400,0.0000,0.00
546,Medtecs International Corp Ltd,0.1480,0.1450,0.1470,3109400,0.0000,0.00
554,King Wan Corporation Limited,0.0320,0.0300,0.0320,650900,0.0030,10.34
558,Ums Holdings Limited,1.080,1.060,1.070,5480400,0.010,0.94
564,Spindex Industries Limited,0.9700,0.9500,0.9500,16000,-0.0300,3.06
566,See Hup Seng Limited,0.1390,0.1390,0.1390,0,0.0000,0.00
569,Vicplas International Ltd,0.1370,0.1260,0.1360,150200,-0.0030,2.16
56DW,Geely 5xlongub250930,0.1610,0.1580,0.1600,10400,0.0070,4.58
570,Transit-mixed Concrete Ltd,0.2100,0.2100,0.2100,0,0.0000,0.00
573,Challenger Technologies Ltd,0.5950,0.5950,0.5950,1000,0.0000,0.00
575,Asti Holdings Limited,0.0140,0.0140,0.0140,0,0.0000,0.00
578,Ks Energy Limited,0.0130,0.0130,0.0130,0,0.0000,0.00
579,Oceanus Group Limited,0.0120,0.0110,0.0110,6550700,0.0000,0.00
57HW,Dbs Mb Epw231227,0.0780,0.0680,0.0680,3860000,-0.0130,16.05
57TW,Uob Mb Ecw231120,0.0420,0.0420,0.0420,0,0.0000,0.00
580,Santak Holdings Limited,0.0400,0.0400,0.0400,0,0.0000,0.00
581,Ite Electric Co Ltd,0.0350,0.0350,0.0350,0,0.0000,0.00
583,Progen Holdings Ltd,0.0420,0.0420,0.0420,0,0.0000,0.00
584,Oakwell Engineering Limited,0.0060,0.0060,0.0060,2016900,0.0000,0.00
585,Asian Micro Holdings Ltd,0.0030,0.0030,0.0030,2000,-0.0010,25.00
58UW,Netease 5xlongub251031,1.545,1.545,1.545,0,0.000,0.00
594,Loyz Energy Limited,0.0010,0.0010,0.0010,10900,-0.0010,50.00
595,Van Der Horst Energy Limited,0.0730,0.0680,0.0730,51100,-0.0010,1.35
596,Thai Village Holdings Ltd,0.0180,0.0180,0.0180,0,0.0000,0.00
5A1B,Astrea V3.85%b290620#,1.003,1.002,1.002,12000,0.001,0.10
5AB,Trek 2000 Int'l Ltd,0.0470,0.0460,0.0470,45900,-0.0070,12.96
5AE,Pollux Properties Ltd.,0.0450,0.0420,0.0440,5900800,0.0010,2.33
5AI,Sunlight Group Hldg Ltd,0.0180,0.0180,0.0180,50100,-0.0010,5.26
5AL,Annica Holdings Limited,0.0010,0.0010,0.0010,0,0.0000,0.00
5AU,Ap Oil International Limited,0.1460,0.1460,0.1460,0,0.0000,0.00
5BI,Carriernet Global Ltd,0.0010,0.0010,0.0010,0,0.0000,0.00
5BS,Pne Micron Holdings Ltd,0.0220,0.0220,0.0220,0,0.0000,0.00
5CF,Okp Holdings Limited,0.2300,0.2300,0.2300,0,0.0000,0.00
5CP,Silverlake Axis Ltd,0.3000,0.2900,0.3000,415600,0.0050,1.69
5CR,Asiatic Group (holdings) Ltd,0.0020,0.0020,0.0020,0,0.0000,0.00
5CT,Ecowise Holdings Limited,0.0780,0.0780,0.0780,0,0.0000,0.00
5DD,Micro-mechanics (holdings) Ltd,1.990,1.960,1.970,28100,0.010,0.51
5DM,Ying Li Intl Real Estate Ltd,0.0270,0.0260,0.0270,6000,0.0020,8.00
5DN,Ezra Holdings Limited,0.0110,0.0110,0.0110,0,0.0000,0.00
5DO,Sakae Holdings Ltd.,0.1000,0.0990,0.0990,100500,-0.0070,6.60
5DP,Heeton Holdings Limited,0.2600,0.2550,0.2600,161000,0.0050,1.96
5DS,Megachem Limited,0.4950,0.4950,0.4950,0,0.0000,0.00
5DX,Metal Component Engg Ltd,0.0150,0.0140,0.0140,498000,0.0000,0.00
5EB,Cfm Holdings Limited,0.0960,0.0930,0.0930,588400,-0.0020,2.11
5EC,ISR Capital,0.0030,0.0030,0.0030,0,0.0000,0.00
5EF,Adventus Holdings Limited,0.0060,0.0060,0.0060,0,0.0000,0.00
5EG,New Lakeside Holdings Limited,0.0290,0.0290,0.0290,0,0.0000,0.00
5EN,Midas Hldgs Limited,0.1920,0.1920,0.1920,0,0.0000,0.00
5EV,Hosen Group Ltd,0.0510,0.0510,0.0510,0,0.0000,0.00
5EW,Pan Asian Holdings Limited,0.0680,0.0620,0.0680,80000,-0.0020,2.86
5F4,Figtree Holdings Limited,0.0380,0.0380,0.0380,8000,0.0060,18.75
5F7,Hartawan Hldgs Ltd,0.0080,0.0080,0.0080,0,0.0000,0.00
5FL,Falcon Energy Group Limited,0.0270,0.0270,0.0270,0,0.0000,0.00
5FW,Linair Technologies Limited,0.0570,0.0550,0.0550,4187600,0.0010,1.85
5FX,New Wave Holdings Ltd.,0.0060,0.0060,0.0060,10000,0.0000,0.00
5G1,Eurosports Global Limited,0.1800,0.1800,0.1800,0,0.0000,0.00
5G2,Kimheng Offshore&marine Hldltd,0.1030,0.0990,0.0990,1040600,-0.0020,1.98
5G3,Talkmed Group Limited,0.4050,0.4050,0.4050,50000,-0.0050,1.22
5G4,Infinio Group Limited,0.0010,0.0010,0.0010,0,0.0000,0.00
5G9,Tritech Group Limited,0.0210,0.0200,0.0200,2881600,0.0000,0.00
5GD,Sunpower Group Ltd.,0.3250,0.3100,0.3150,62700,-0.0100,3.08
5GF,Nico Steel Holdings Limited,0.0010,0.0010,0.0010,0,0.0000,0.00
5GI,Interra Resources Limited,0.0360,0.0330,0.0340,8448700,-0.0010,2.86
5GJ,Ausgroup Limited,0.0090,0.0090,0.0090,0,0.0000,0.00
5GZ,Aa Group Holdings Ltd.,0.0110,0.0110,0.0110,400000,0.0000,0.00
5HG,Oniontech Limited,0.0070,0.0040,0.0070,1200,0.0000,0.00
5HH,Hln Technologies Limited,0.0320,0.0300,0.0310,2128400,0.0000,0.00
5HT,Communication Design Intl Ltd,0.0070,0.0070,0.0070,0,0.0000,0.00
5HV,Metax Engineering Corp Limited,0.0330,0.0320,0.0330,2450300,0.0010,3.13
5I1,Kop Limited,0.0370,0.0370,0.0370,400,-0.0030,7.50
5I4,Icp Ltd,0.0080,0.0070,0.0080,5100,0.0010,14.29
5IC,Sing Holdings Limited,0.3550,0.3550,0.3550,0,0.0000,0.00
5IE,Lorenzo International Limited,0.0160,0.0160,0.0160,0,0.0000,0.00
5IF,Natural Cool Holdings Limited,0.0270,0.0270,0.0270,0,0.0000,0.00
5IG,Gallant Venture Ltd.,0.1320,0.1320,0.1320,0,0.0000,0.00
5JK,Hiap Hoe Limited,0.7000,0.6700,0.7000,369400,-0.0100,1.41
5JS,Indofood Agri Resources Ltd.,0.3150,0.3050,0.3150,8800,0.0100,3.28
5KI,Soup Restaurant Group Limited,0.0900,0.0850,0.0900,3000,0.0050,5.88
5L7W,Geely 5xshortub250228,0.0040,0.0040,0.0040,0,0.0000,0.00
5L9W,Singtelmbecw231215,0.0140,0.0140,0.0140,0,0.0000,0.00
5LE,Sitra Holdings (intl) Limited,0.0150,0.0150,0.0150,0,0.0000,0.00
5LY,Marco Polo Marine Ltd.,0.0600,0.0580,0.0590,54398000,0.0020,3.51
5MD,Soon Lian Holdings Limited,0.2000,0.2000,0.2000,0,0.0000,0.00
5ML,Old Chang Kee Ltd.,0.6350,0.6350,0.6350,0,0.0000,0.00
5MZ,Kingsmen Creatives Ltd,0.3200,0.3100,0.3100,13900,-0.0150,4.62
5NF,Mencast Holdings Ltd.,0.0480,0.0470,0.0470,4792200,0.0010,2.17
5NG,Healthway Medical Corp Ltd,0.0470,0.0460,0.0460,3234800,0.0000,0.00
5NV,Chasen Holdings Limited,0.0520,0.0490,0.0520,127900,0.0010,1.96
5O9W,Xiaomi 5xlongub250228,0.0130,0.0120,0.0130,44400,0.0020,18.18
5OC,Koyo International Limited,0.0440,0.0440,0.0440,0,0.0000,0.00
5OI,Japan Foods Holding Ltd.,0.4500,0.4250,0.4500,78500,0.0150,3.45
5OQ,Teho International Inc Ltd.,0.0530,0.0520,0.0530,1100,0.0000,0.00
5OR,Heatec Jietong Holdings Ltd.,0.0230,0.0230,0.0230,0,0.0000,0.00
5OU,China Environment Ltd.,0.0370,0.0370,0.0370,0,0.0000,0.00
5OX,Mary Chia Holdings Limited,0.0160,0.0160,0.0160,0,0.0000,0.00
5PC,Goodland Group Limited,0.1340,0.1340,0.1340,0,0.0000,0.00
5PD,Hengyang Petrochem Log Limited,0.2400,0.2400,0.2400,0,0.0000,0.00
5PF,Jason Marine Group Limited,0.1310,0.1310,0.1310,0,0.0000,0.00
5PL,Sbi Offshore Limited,0.0380,0.0380,0.0380,0,0.0000,0.00
5PO,Hiap Tong Corporation Ltd.,0.1290,0.1240,0.1240,2051700,-0.0040,3.13
5Q4W,Djia 30000mbepw231215,0.0860,0.0860,0.0860,0,0.0000,0.00
5QR,Mann Seng Metal Intl Limited,0.0310,0.0310,0.0310,0,0.0000,0.00
5QT,Charisma Energy,0.0020,0.0020,0.0020,0,0.0000,0.00
5QY,Net Pacific Fin Hldgs Ltd,0.0210,0.0200,0.0210,1233300,0.0000,0.00
5RA,Asia-pacific Strategic Inv Ltd,0.0020,0.0020,0.0020,0,0.0000,0.00
5RC,Es Group (holdings) Limited,0.0430,0.0430,0.0430,0,0.0000,0.00
5RE,Smartflex Holdings Ltd,0.0570,0.0570,0.0570,0,0.0000,0.00
5RF,Friven & Co. Ltd.,0.0160,0.0160,0.0160,0,0.0000,0.00
5SO,Duty Free Internationallimited,0.1610,0.1590,0.1600,97800,0.0000,0.00
5SR,Zhongmin Baihui Retail Grp Ltd,0.6450,0.6400,0.6450,20000,0.0050,0.78
5SY,Chew's Group Limited,0.2450,0.2450,0.2450,0,0.0000,0.00
5TI,Kitchen Culture Holdings Ltd.,0.0800,0.0800,0.0800,0,0.0000,0.00
5TJ,Far East Group Limited,0.0950,0.0950,0.0950,0,0.0000,0.00
5TP,Cnmc Goldmine Holdings Limited,0.1970,0.1940,0.1950,96300,0.0000,0.00
5TT,Keong Hong Holdings Limited,0.1940,0.1720,0.1940,144700,0.0140,7.78
5TY,Advanced Systems Automation,0.0010,0.0010,0.0010,4118000,0.0000,0.00
5UA,Starland Holdings Limited,0.0780,0.0780,0.0780,0,0.0000,0.00
5UF,Maxi-cash Fin Svcs Corp Ltd,0.1450,0.1430,0.1450,197500,0.0020,1.40
5UL,Atlantic Navigation Hldg(s)ltd,0.3200,0.3200,0.3200,100000,0.0000,0.00
5UN,Sincap Group Limited,0.0050,0.0050,0.0050,0,0.0000,0.00
5UO,Sysma Holdings Limited,0.1670,0.1670,0.1670,0,0.0000,0.00
5UX,Oxley Holdings Limited,0.1270,0.1250,0.1250,124000,-0.0010,0.79
5VC,Kori Holdings Limited,0.1650,0.1650,0.1650,0,0.0000,0.00
5VI,Logistics Holdings Limited,0.0350,0.0350,0.0350,0,0.0000,0.00
5VJ,Halcyon Agri Corporation Ltd,0.4100,0.4100,0.4100,0,0.0000,0.00
5VP,Gds Global Limited,0.0400,0.0400,0.0400,0,0.0000,0.00
5VS,Hafary Holdings Limited,0.2850,0.2850,0.2850,0,0.0000,0.00
5WA,Intl Healthway Corp Limited,0.0320,0.0310,0.0320,2640700,0.0010,3.23
5WF,Isoteam Ltd.,0.0580,0.0550,0.0570,680500,0.0010,1.79
5WG,Singapore Kitchen Equipmentltd,0.0590,0.0590,0.0590,0,0.0000,0.00
5WH,Rex International Holding Ltd,0.1810,0.1750,0.1790,25680400,0.0040,2.29
5WJ,Moneymax Financial Servicesltd,0.2250,0.2150,0.2250,100000,0.0050,2.27
5WV,Asiaphos Limited,0.0110,0.0100,0.0110,2132900,0.0000,0.00
5YCW,Yzj 5xshortsg231115,0.0010,0.0010,0.0010,0,0.0000,0.00
600,Hyflux Ltd,0.2100,0.2100,0.2100,0,0.0000,0.00
6AZB,Astrea Vi3%b310318#,0.9720,0.9680,0.9720,68000,0.0010,0.10
7QQS,Nz07100s 270301,109.0,109.0,109.0,0,0.0,0.00
8A1,Forise Int,0.0690,0.0680,0.0680,31400,-0.0010,1.45
8AZ,Aztech Gbl,0.7100,0.6950,0.7000,961100,0.0000,0.00
8B5W,Hsi 20400mbecw230630,0.0130,0.0130,0.0130,0,0.0000,0.00
8K7,Ughealthcare,0.1480,0.1440,0.1480,30400,0.0030,2.07
8R7W,Tencen3xshortub250428us$,1.670,1.630,1.655,16800,-0.140,7.80
8R9W,Dbs Mb Ecw240701,0.0600,0.0550,0.0600,2580000,0.0080,15.38
8U7U,Ireit Global Eur,0.2850,0.2850,0.2850,0,0.0000,0.00
8Y2W,Jd 5xlongub250127,0.0180,0.0180,0.0180,200,0.0050,38.46
8YIW,Sunny 5xshortub250430,0.0090,0.0090,0.0090,0,0.0000,0.00
8YLS,Nz19100s 390701,95.60,95.60,95.60,0,0.00,0.00
8YY,Biolidics Limited,0.0150,0.0130,0.0150,3074900,0.0010,7.14
92FW,Clife 5xlongub250430,0.1150,0.1070,0.1140,1400,0.0140,14.00
92NW,Nasdaq 7xshortub250922,0.0370,0.0370,0.0370,0,0.0000,0.00
966W,Nky 31500mbecw231208,0.1850,0.1850,0.1850,0,0.0000,0.00
96DW,Datapulse Tech W271128,0.0100,0.0100,0.0100,2256700,0.0010,11.11
97WW,Hsi 21200mbecw230728,0.0040,0.0040,0.0040,817000,0.0020,100.00
98CW,Uob Mb Ecw231110,0.0470,0.0410,0.0470,690100,0.0080,20.51
9BOW,Simsci 380mbecw231229,0.0130,0.0130,0.0130,0,0.0000,0.00
9BRW,Tencentmbepw230802,0.1090,0.1090,0.1090,0,0.0000,0.00
9CI,Capitalandinvest,3.470,3.340,3.450,14145600,0.140,4.23
9GBW,Xiaomi 5xlongub250930,0.2550,0.2300,0.2550,1200,0.0450,21.43
9HNW,Cnooc 5xshortub250228,0.0130,0.0130,0.0130,0,0.0000,0.00
9J2W,Petroch 5xlongub250430,0.4150,0.3450,0.4150,800,0.0650,18.57
9L1W,Tencentmbecw230802,0.0140,0.0140,0.0140,0,0.0000,0.00
9NDW,Tencent 5xshortub250127,0.5050,0.5000,0.5000,800,-0.0850,14.53
9PPW,Petroch 5xshortub250430,0.0160,0.0160,0.0160,0,0.0000,0.00
9QEW,Tencent 5xshortub250228,0.0150,0.0150,0.0150,0,0.0000,0.00
9RAW,Sands Mb Epw231004,0.0150,0.0150,0.0150,0,0.0000,0.00
9TFW,Singtelmbecw230724,0.0020,0.0020,0.0020,1000000,-0.0110,84.62
9UIW,Hsi 20800mbecw230830,0.0480,0.0390,0.0480,48877500,0.0170,54.84
9VBW,Meituan Mb Epw231004,0.1180,0.1180,0.1180,0,0.0000,0.00
9VNW,Hsi 21400mbecw230630,0.0110,0.0110,0.0110,0,0.0000,0.00
9W2W,Cosco 5xlongub251031,0.5550,0.5500,0.5500,400,0.0050,0.92
9WSW,Uob Mb Ecw230615,0.0030,0.0030,0.0030,0,0.0000,0.00
9ZIW,Nasdaq 7xlongub250922,5.050,5.050,5.050,0,0.000,0.00
A04,Asl Marine Holdings Ltd,0.0590,0.0560,0.0570,8362700,0.0010,1.79
A05,Avjennings Limited,0.3550,0.3550,0.3550,0,0.0000,0.00
A17U,Ascendas Real Estate Inv Trust,2.800,2.750,2.800,18831000,0.070,2.56
A26,Sinarmas Land Limited,0.1930,0.1930,0.1930,10000,-0.0040,2.03
A30,Aspial Corporation Limited,0.0730,0.0730,0.0730,0,0.0000,0.00
A31,Addvalue Technologies Ltd,0.0110,0.0100,0.0100,1536700,0.0000,0.00
A33,Blumont Group Ltd.,0.0010,0.0010,0.0010,0,0.0000,0.00
A34,Amara Holdings Ltd,0.4700,0.4600,0.4600,292600,-0.0050,1.08
A35,Abf Spore Bond Index Fund Etf,1.043,1.040,1.043,172523,0.003,0.29
A50,Rowsley Ltd.,0.0650,0.0620,0.0640,55618200,0.0030,4.92
A52,Annaik Limited,0.0750,0.0750,0.0750,37500,-0.0010,1.32
A55,Asia Enterprises Holding Ltd,0.1490,0.1480,0.1490,41000,0.0000,0.00
A78,Liongold Corp Ltd,0.0020,0.0020,0.0020,0,0.0000,0.00
A7RU,Cityspring Infrastruct Trust,0.5150,0.5100,0.5150,2300800,0.0000,0.00
AAJ,Sunmoon Food Company Limited,0.0200,0.0200,0.0200,200,0.0020,11.11
ACV,Frasers Hospitality Trust,0.4700,0.4650,0.4700,554300,0.0000,0.00
ADN,First Sponsor Group Limited,1.250,1.250,1.250,0,0.000,0.00
AFC,Yuuzoo Corporation,0.0380,0.0380,0.0380,0,0.0000,0.00
AFUS,Nx15100z 250601,98.40,98.40,98.40,0,0.00,0.00
AGS,The Hour Glass Limited,2.120,2.080,2.100,51500,0.010,0.48
AIY,Ifast Corporation Ltd.,4.860,4.740,4.770,186800,-0.030,0.63
AJ2,Ouhua Energy Holdings Limited,0.0670,0.0650,0.0670,125600,0.0020,3.08
AJBU,Keppel Dc Reit,2.240,2.180,2.230,6880800,0.040,1.83
AOF,Amplefield Limited,0.0260,0.0260,0.0260,0,0.0000,0.00
AP4,Riverstone Holdings Limited,0.6450,0.6250,0.6300,6756000,-0.0050,0.79
AU8U,Capitaretail China Trust,1.030,1.000,1.010,5645700,0.000,0.00
AUE,United Fiber System Limited,0.1820,0.1800,0.1820,739500,0.0020,1.11
AVM,Boustead Projects Limited,0.9550,0.9550,0.9550,0,0.0000,0.00
AVX,Hl Global Enterprises Limited,0.2600,0.2600,0.2600,0,0.0000,0.00
AW9U,First Real Estate Inv Trust,0.2650,0.2600,0.2600,2534800,0.0000,0.00
AWC,Lindeteves-jacoberg Ltd,0.5400,0.5400,0.5400,0,0.0000,0.00
AWG,Aei Corporation Ltd,0.5000,0.5000,0.5000,0,0.0000,0.00
AWI,Thakral Corporation Ltd,0.5650,0.5650,0.5650,1500,0.0000,0.00
AWK,Fuxing China Group Limited,0.2450,0.2400,0.2450,6300,0.0000,0.00
AWM,Shanghai Turbo Enterprises Ltd,0.0480,0.0480,0.0480,0,0.0000,0.00
AWV,Captii Limited,0.4150,0.4150,0.4150,0,0.0000,0.00
AWX,Aem Holdings Ltd,3.820,3.760,3.820,1207500,0.090,2.41
AWZ,Multi-chem Limited,1.790,1.780,1.780,4000,0.000,0.00
AXB,Yongnam Holdings Limited,0.0260,0.0260,0.0260,0,0.0000,0.00
AYN,Global Testing Corporation Ltd,1.100,1.100,1.100,3000,0.030,2.80
AYV,Acma Ltd.,0.0430,0.0420,0.0420,26000,-0.0010,2.33
AZA,Ipc Corporation Limited,0.1300,0.1300,0.1300,2100,0.0000,0.00
AZG,8telecom Intl Holdings Co Ltd,0.0690,0.0690,0.0690,0,0.0000,0.00
AZR,United Food Holdings Limited,0.0430,0.0430,0.0430,0,0.0000,0.00
AZT,Lottvision Limited,0.0850,0.0850,0.0850,0,0.0000,0.00
B0Z,China Fishery Group Limited,0.0760,0.0760,0.0760,0,0.0000,0.00
B26,Ban Leong Technologies Limited,0.3800,0.3800,0.3800,136300,0.0000,0.00
B28,Bonvests Holdings Ltd,1.010,1.010,1.010,900,0.010,1.00
B49,World Precision Machinery Ltd,0.4500,0.4500,0.4500,0,0.0000,0.00
B58,Banyan Tree Holdings Limited,0.3950,0.3800,0.3950,733800,0.0100,2.60
B61,Bukit Sembawang Estates Ltd,4.100,4.070,4.090,17800,0.020,0.49
B69,Broadway Industrial Group Ltd,0.0930,0.0920,0.0930,78400,0.0020,2.20
B73,Global Investments Limited,0.1200,0.1200,0.1200,33100,0.0000,0.00
B9S,Cosmosteel Holdings Limited,0.1160,0.1160,0.1160,0,0.0000,0.00
BAC,Jacks International Limited,1.070,1.070,1.070,0,0.000,0.00
BAI,S I2i Limited,2.170,2.170,2.170,0,0.000,0.00
BAZ,Lion Asiapac Ltd,0.3000,0.3000,0.3000,0,0.0000,0.00
BBP,Hor Kew Corporation Limited,0.2400,0.2400,0.2400,0,0.0000,0.00
BBW,Azeus Systems Holdings Ltd.,8.500,8.500,8.500,800,-0.050,0.58
BCD,China Yuanbang Prop Hldgs Ltd,0.3800,0.3800,0.3800,0,0.0000,0.00
BCV,Qian Hu Corporation Limited,0.1930,0.1930,0.1930,2200,-0.0070,3.50
BCY,Powermatic Data Systems Ltd,2.850,2.810,2.810,9800,-0.010,0.35
BCZ,Travelite Holdings Ltd.,0.0950,0.0950,0.0950,0,0.0000,0.00
BDA,Pne Industries Ltd,0.7300,0.7300,0.7300,0,0.0000,0.00
BDR,Willas-array Elec (hldgs) Ltd,0.5150,0.5100,0.5100,20400,-0.0100,1.92
BDU,Federal Int(2000) Ltd,0.1220,0.1220,0.1220,0,0.0000,0.00
BDX,Gsh Corporation Limited,0.1800,0.1730,0.1730,331800,-0.0020,1.14
BEC,Brc Asia Limited,1.680,1.660,1.680,19500,0.020,1.20
BEH,China International Hldgs Ltd,0.0930,0.0920,0.0920,700,-0.0010,1.08
BEI,Lht Holdings Limited,0.7550,0.7550,0.7550,0,0.0000,0.00
BEV,Swing Media Technology Grp Ltd,0.4600,0.4600,0.4600,0,0.0000,0.00
BEW,Jb Foods Limited,0.5400,0.5000,0.5400,40600,0.0150,2.86
BEZ,Beng Kuang Marine Limited,0.0830,0.0770,0.0810,2815500,0.0030,3.85
BFI,Tiong Seng Holdings Limited,0.0980,0.0860,0.0930,36500,-0.0060,6.06
BFK,Pharmesis International Ltd.,0.1200,0.1200,0.1200,0,0.0000,0.00
BFT,Fabchem China Limited,0.1980,0.1980,0.1980,0,0.0000,0.00
BFU,Tye Soon Ltd,0.3950,0.3650,0.3950,5200,0.0050,1.28
BGK,Swiber Holdings Limited,0.1090,0.1090,0.1090,0,0.0000,0.00
BGO,Universal Resource & Svcs Ltd,0.1700,0.1700,0.1700,0,0.0000,0.00
BHD,China Mining International Ltd,0.0300,0.0300,0.0300,0,0.0000,0.00
BHK,Siic Environment Holdings Ltd.,0.2250,0.2200,0.2250,535100,0.0000,0.00
BHU,Sutl Enterprise Limited,0.5350,0.5300,0.5300,10000,0.0100,1.92
BIP,Vibrant Group Limited,0.0700,0.0700,0.0700,9100,0.0010,1.45
BIX,Ellipsiz Ltd,0.2400,0.2350,0.2350,8900,-0.0550,18.97
BJD,Vibropower Corporation Limited,0.0390,0.0390,0.0390,0,0.0000,0.00
BJGS,Na16100h 460301,86.00,86.00,86.00,0,0.00,0.00
BJHS,Nx16100f 260601,102.0,102.0,102.0,0,0.0,0.00
BJIS,Nz16100x 360801,102.4,102.4,102.4,0,0.0,0.00
BJV,Yamada Green Resources Limited,0.1200,0.1200,0.1200,500,0.0000,0.00
BJZ,Koda Ltd,0.3500,0.3500,0.3500,5800,0.0050,1.45
BKA,Sin Heng Heavy Machinery Ltd,0.4350,0.4350,0.4350,40000,-0.0050,1.14
BKK,Luxking Group Holdings Limited,0.2500,0.2500,0.2500,0,0.0000,0.00
BKV,Dukang Distillers Hldgs Ltd,0.1300,0.1300,0.1300,0,0.0000,0.00
BKW,Datapulse Technology Limited,0.0950,0.0910,0.0910,4300,-0.0040,4.21
BKX,Yongmao Holdings Limited,0.5950,0.5950,0.5950,0,0.0000,0.00
BKZ,Suntar Eco-city Limited,0.0980,0.0980,0.0980,0,0.0000,0.00
BLA,Union Steel Holdings Limited,0.8100,0.8050,0.8100,22600,0.0000,0.00
BLH,Hai Leck Holdings Limited,0.4000,0.4000,0.4000,0,0.0000,0.00
BLR,Darco Water Technologies Ltd,0.0940,0.0940,0.0940,0,0.0000,0.00
BLS,Hotung Investment Hldgs Ltd,1.600,1.600,1.600,800,0.000,0.00
BLU,Grp Ltd,0.0840,0.0840,0.0840,0,0.0000,0.00
BLW,Global Palm Resources Hlgs Ltd,0.2500,0.2500,0.2500,0,0.0000,0.00
BLZ,Advanced Holdings Ltd.,0.0810,0.0790,0.0790,10200,0.0000,0.00
BMGU,Bhg Retail Reit,0.4700,0.4700,0.4700,200,-0.0100,2.08
BMT,New Silkroutes Group Limited,0.0750,0.0750,0.0750,0,0.0000,0.00
BN2,Valuetronics Holdings Limited,0.5500,0.5450,0.5500,156900,0.0000,0.00
BN4,Keppel Corporation Limited,6.770,6.570,6.760,4759300,0.230,3.52
BNE,Kencana Agri Limited,0.0960,0.0960,0.0960,0,0.0000,0.00
BPF,Yhi International Limited,0.4950,0.4950,0.4950,0,0.0000,0.00
BQC,Xpress Holdings Ltd,0.2300,0.2100,0.2300,10900,0.0000,0.00
BQD,Envictus International Hldgltd,0.2200,0.2100,0.2100,10000,-0.0350,14.29
BQF,Xmh Holdings Ltd.,0.3150,0.3100,0.3150,80800,0.0050,1.61
BQM,Tiong Woon Corp Holding Ltd,0.5000,0.4850,0.5000,5200,0.0100,2.04
BQN,Bh Global Corporation Limited,0.0830,0.0830,0.0830,0,0.0000,0.00
BQP,Southern Packaging Group Ltd,0.4250,0.4250,0.4250,0,0.0000,0.00
BRD,Sapphire Corporation Limited,0.0550,0.0510,0.0550,110000,0.0040,7.84
BRS,Usp Group Limited,0.0920,0.0920,0.0920,0,0.0000,0.00
BS6,Yangzijiang Shipbldg Hldgs Ltd,1.530,1.490,1.530,35827100,0.010,0.66
BSL,Raffles Medical Group Ltd,1.370,1.350,1.360,1139400,0.010,0.74
BTE,Bund Center Investment Ltd,0.4700,0.4650,0.4650,7500,0.0000,0.00
BTF,Debao Property Development Ltd,0.1280,0.1280,0.1280,0,0.0000,0.00
BTG,Hg Metal Manufacturing Ltd,0.3250,0.3250,0.3250,0,0.0000,0.00
BTJ,A-sonic Aerospace Limited,0.4900,0.4800,0.4850,6300,0.0050,1.04
BTM,Penguin International Limited,0.8300,0.8300,0.8300,600,-0.0050,0.60
BTOU,Manulife Us Reit,0.1700,0.1680,0.1680,2564000,0.0000,0.00
BTP,Baker Technology Limited,0.6200,0.6200,0.6200,1000,0.0050,0.81
BTWZ,Hyflux S$500m6%perpcapsec,0.5000,0.5000,0.5000,0,0.0000,0.00
BTX,Anchun International Hldgs Ltd,0.2800,0.2800,0.2800,0,0.0000,0.00
BTY,Full Apex (holdings) Limited,0.4050,0.4050,0.4050,0,0.0000,0.00
BUOU,Frasers Logistics & Ind Trust,1.280,1.260,1.270,5989900,0.010,0.79
BVA,Top Glove Corporation Bhd,0.2550,0.2450,0.2500,1016700,0.0050,2.04
BVP,Aims Property Securities Fund,1.180,1.180,1.180,0,0.000,0.00
BVQ,Procurri Corporation Limited,0.2200,0.2200,0.2200,0,0.0000,0.00
BWCU,Ec World Reit,0.3000,0.2950,0.2950,63200,0.0000,0.00
BWM,China Jinjiang Env Hldg Co Ltd,0.2900,0.2900,0.2900,1000,0.0050,1.75
BXE,Cdw Holding Limited,0.2550,0.2300,0.2300,20900,0.0000,0.00
BYI,Phillip Sgx Apac Div Reit Etf,0.8330,0.8330,0.8330,0,0.0000,0.00
BYJ,Phillip Sgx Apacdiv Reit Etfs$,1.101,1.101,1.101,0,0.000,0.00
C04,Casa Holdings Limited,0.0990,0.0990,0.0990,1000,0.0100,11.24
C05,Chemical Industries (f.e.) Ltd,0.6600,0.6600,0.6600,0,0.0000,0.00
C06,Csc Holdings Ltd,0.0080,0.0080,0.0080,0,0.0000,0.00
C07,Jardine Cycle & Carriage Ltd,34.36,34.02,34.21,358600,0.32,0.94
C09,City Developments Limited,7.020,6.870,6.980,2551000,0.170,2.50
C13,Ch Offshore Ltd,0.0900,0.0840,0.0900,44700,0.0080,9.76
C2PU,Parkwaylife Reit,3.790,3.710,3.770,1742900,0.040,1.07
C33,Chuan Hup Holdings Limited,0.1830,0.1830,0.1830,3000,0.0050,2.81
C38U,Capitamall Trust,1.980,1.940,1.980,23257700,0.060,3.13
C41,Cortina Holdings Limited,3.910,3.910,3.910,3000,0.020,0.51
C52,Comfortdelgro Corporation Ltd,1.210,1.200,1.210,5112500,0.000,0.00
C6L,Singapore Airlines Ltd,7.420,7.350,7.410,6334600,0.060,0.82
C70,City Developments Ltd Nccps,1.0000,1.0000,1.0000,0,0.0000,0.00
C76,Creative Technology Ltd,1.270,1.250,1.270,4100,0.010,0.79
C8R,Jiutian Chemical Group Limited,0.0560,0.0540,0.0550,5117200,0.0010,1.85
C9Q,Sinostar Pec Holdings Limited,0.1800,0.1790,0.1800,1700,0.0010,0.56
CC3,Starhub Ltd,1.040,1.020,1.040,1576000,0.020,1.96
CDVZ,Krisenergy S$139.464mz240131,0.1530,0.1530,0.1530,0,0.0000,0.00
CDXW,Krisenergy Ltd. W240131,0.0030,0.0030,0.0030,0,0.0000,0.00
CEDU,Dasin Retail Trust,0.0970,0.0940,0.0950,7400,-0.0010,1.04
CFA,Nikkoam-stc Asia_xj Reit Etf,0.8720,0.8620,0.8700,801505,0.0120,1.40
CGN,Best World International Ltd,1.830,1.810,1.810,194700,0.000,0.00
CHJ,Uni-asia Group Limited,0.9200,0.9150,0.9200,5900,0.0000,0.00
CHZ,Hrnetgroup Limited,0.7450,0.7300,0.7350,48000,0.0050,0.68
CIN,Courage Marine Group Limited,0.0110,0.0110,0.0110,0,0.0000,0.00
CJLU,Netlink Nbn Trust,0.8750,0.8650,0.8750,3345700,0.0100,1.16
CJN,British & Malayan Hldg Limited,2.960,2.960,2.960,0,0.000,0.00
CLN,Apac Realty Limited,0.5950,0.5900,0.5950,39300,0.0100,1.71
CLR,Lion-phillip S-reit Etf,0.9260,0.9080,0.9260,407944,0.0180,1.98
CMGS,Nx18100a 280501,91.00,91.00,91.00,0,0.00,0.00
CMOU,Keppel-kbs Us Reit,0.3400,0.3350,0.3350,534200,-0.0050,1.47
CNE,Mindchamps Preschool Limited,0.1680,0.1680,0.1680,0,0.0000,0.00
COI,Nikkoam-stc Asia_xj Reit Us$,0.6550,0.6510,0.6550,70000,0.0150,2.34
CRPU,Sasseur Reit,0.7300,0.7100,0.7200,1047900,0.0050,0.70
CTO,Hong Lai Huat Group Limited,0.0690,0.0690,0.0690,0,0.0000,0.00
CUEW,S&p 5xlongsg250228,0.2100,0.2100,0.2100,0,0.0000,0.00
CUFW,Hscei 7xlongsg240327,0.0370,0.0370,0.0370,0,0.0000,0.00
CUJW,Djia 5xlongsg250911,0.7600,0.7600,0.7600,0,0.0000,0.00
CUMW,Djia 5xshortsg250911a,0.2150,0.2150,0.2150,0,0.0000,0.00
CUNW,Nasdaq 7xshortsg241016,0.0370,0.0360,0.0360,500,-0.0060,14.29
CUPW,Nasdaq 7xlongsg241016,3.530,3.530,3.530,0,0.000,0.00
CUQW,Djia 7xshortsg241016,0.3600,0.3600,0.3600,0,0.0000,0.00
CUTW,S&p 7xshortsg241218,0.3750,0.3750,0.3750,13600,-0.0700,15.73
CUUW,Hsi 7xlongsg231215,0.0060,0.0060,0.0060,0,0.0000,0.00
CVAW,Hsi 7xlongsg240215,0.0080,0.0080,0.0080,0,0.0000,0.00
CVDW,Hsi 7xlongsg240327,0.0600,0.0580,0.0600,174000,0.0080,15.38
CVEW,Sti 5xlongsg250529,1.025,1.025,1.025,4000,0.045,4.59
CVFW,Djia 5xshortsg250911,0.8350,0.8350,0.8350,0,0.0000,0.00
CVGW,Hscei 5xlongsg240912,0.4850,0.4850,0.4850,0,0.0000,0.00
CVHW,Hstech 5xlongsg231102,1.080,1.000,1.080,930100,0.180,20.00
CVIW,Hsi 7xshortsg241218,0.7750,0.6950,0.7000,937400,-0.1800,20.45
CVJW,Simsci 5xlongsg260226,0.8750,0.8750,0.8750,0,0.0000,0.00
CVKW,Hstech 7xlongsg240416,0.2600,0.2600,0.2600,1000,0.0350,15.56
CWBU,Cromwell Reit Eur,1.580,1.560,1.570,155500,0.010,0.64
CWCU,Cromwell Reit Sgd,2.350,2.330,2.340,36500,0.010,0.43
CWFW,Hscei 7xlongsg240424,0.0690,0.0690,0.0690,0,0.0000,0.00
CWGW,Hstech 5xshortsg240327,0.0240,0.0230,0.0230,480000,-0.0070,23.33
CWHW,Sti 7xlongsg250529,0.7900,0.7250,0.7900,5200,0.1000,14.49
CWIW,Djia 5xlongsg250911a,0.4050,0.4050,0.4050,0,0.0000,0.00
CWKW,Hscei 5xshortsg240912,0.3250,0.3250,0.3250,0,0.0000,0.00
CWLW,Hsi 7xlongsg241030,1.300,1.200,1.290,152900,0.210,19.44
CWMW,Hstech 5xshortsg241218,0.5800,0.5400,0.5400,1225000,-0.1350,20.00
CWPW,Simsci 5xshortsg260226,0.7400,0.6850,0.6850,75100,-0.0900,11.61
CWQW,Hstech 7xshortsg240416,0.3750,0.3250,0.3250,2970000,-0.1450,30.85
CXBW,S&p 5xshortsg250228,0.1680,0.1680,0.1680,100,-0.0180,9.68
CXCW,Hstech 5xlongsg240424,0.1360,0.1250,0.1360,3095000,0.0230,20.35
CXEW,Ndx 5xshortsg240425,0.0940,0.0890,0.0930,120200,-0.0090,8.82
CXGW,Sti 2xshortsg250529,1.620,1.620,1.620,0,0.000,0.00
CXIW,S&p 7xshortsg241016,0.1680,0.1680,0.1680,0,0.0000,0.00
CXJW,Hscei 7xshortsg240912,0.0680,0.0630,0.0630,130200,-0.0150,19.23
CXKW,Hsi 5xshortsg241030,0.1450,0.1360,0.1360,4214000,-0.0200,12.82
CXLW,Simsci 7xlongsg260226a,1.145,1.060,1.145,20000,0.165,16.84
CXMW,Hstech 7xlongsg240402,0.6000,0.5500,0.6000,2519400,0.1200,25.00
CXRW,Hscei 7xshortsg231215,0.0280,0.0280,0.0280,0,0.0000,0.00
CXS,Uobam Pingan Chinext S$,0.9030,0.8970,0.9030,4489,0.0060,0.67
CXU,Uobam Pingan Chinext Us$,0.6770,0.6770,0.6770,0,0.0000,0.00
CY6U,Ascendas India Trust,1.130,1.120,1.120,1035100,0.000,0.00
CYAW,S&p 5xlongsg250228a,0.6150,0.6150,0.6150,0,0.0000,0.00
CYB,Icbc Csop Cgb Etf Us$d,9.700,9.700,9.700,3000,0.030,0.31
CYC,Icbc Csop Cgb Etf S$,12.94,12.94,12.94,5,-0.03,0.23
CYDW,Ndx 5xlongsg240425,0.5700,0.5700,0.5700,0,0.0000,0.00
CYEW,Ndx 5xshortsg240425a,0.2400,0.2400,0.2400,0,0.0000,0.00
CYFW,Hscei 7xlongsg231215,0.0030,0.0030,0.0030,0,0.0000,0.00
CYGW,Sti 5xshortsg250529,0.8700,0.7850,0.7850,13200,-0.1250,13.74
CYIW,S&p 7xlongsg241016,1.585,1.585,1.585,0,0.000,0.00
CYJW,Hsi 5xlongsg240912,0.7350,0.6550,0.7300,678000,0.0900,14.06
CYMW,Hstech 5xlongsg241218,0.4650,0.4650,0.4650,10000,0.0700,17.72
CYNW,Simsci 7xlongsg260226,0.4750,0.4600,0.4750,15200,0.0900,23.38
CYOW,Hstech 7xshortsg240402,0.7850,0.6950,0.7100,1520000,-0.2150,23.24
CYW,Tricklestar,0.1800,0.1800,0.1800,0,0.0000,0.00
CYX,Icbc Csop Cgb Etf Us$a,9.880,9.880,9.880,0,0.000,0.00
CZBW,Dlc Sg7xshorthsi230920,0.0220,0.0220,0.0220,0,0.0000,0.00
CZDW,Simsci 7xshortsg231215,0.7200,0.6300,0.6350,138200,-0.1250,16.45
CZEW,S&p 5xshortsg250228a,0.5100,0.5050,0.5050,10400,-0.0500,9.01
CZFW,Ndx 5xlongsg240425a,1.290,1.290,1.290,0,0.000,0.00
CZGW,Sti 7xshortsg250529,0.5300,0.4950,0.5000,50600,-0.0900,15.25
CZHW,Hsi 7xlongsg240912,0.3350,0.3300,0.3300,45000,0.0550,20.00
CZIW,Hscei 7xlongsg241114,0.2700,0.2650,0.2650,4100,0.0300,12.77
CZJW,Hsi 5xshortsg240912,0.4250,0.4250,0.4250,0,0.0000,0.00
CZLW,Hsi 5xlongsg250416,0.3000,0.3000,0.3000,0,0.0000,0.00
CZMW,Hsi 7xshortsg240125,0.0780,0.0720,0.0720,15000,-0.0170,19.10
CZNW,Nasdaq 7xshortsg260401,0.4450,0.4350,0.4350,22400,-0.0550,11.22
CZSW,Dlc Sg7xshortmsg230712,0.0210,0.0210,0.0210,0,0.0000,0.00
CZZW,Nasdaq 7xshortsg241218,0.0890,0.0860,0.0860,33000,-0.0120,12.24
D01,Dairy Farm Int'l Holdings Ltd,2.880,2.830,2.850,212000,0.020,0.71
D03,Del Monte Pacific Limited,0.1830,0.1770,0.1770,1081400,-0.0070,3.80
D05,Dbs Group Holdings Ltd,31.95,31.24,31.87,6316200,0.86,2.77
D07,Spdr Djia Etf Trust,339.2,339.2,339.2,0,0.0,0.00
D5IU,Lippo Malls Indo Retail Trust,0.0180,0.0160,0.0180,537100,0.0010,5.88
D8DU,First Ship Lease Trust,0.0710,0.0710,0.0710,102100,0.0000,0.00
DAIW,Lenovo 5xlongsg240215,0.0460,0.0450,0.0450,1200000,0.0020,4.65
DAKW,Wilmar 5xshortsg240424,0.4300,0.4150,0.4150,100000,-0.0650,13.54
DAMW,Hkex 5xlongsg240516,0.1170,0.1170,0.1170,100,0.0170,17.00
DAOW,Aac 5xlongsg230620,0.0250,0.0250,0.0250,0,0.0000,0.00
DATW,Aac 5xlongsg231214,0.0010,0.0010,0.0010,0,0.0000,0.00
DAVW,Meituan 5xlongsg231024,0.1590,0.1490,0.1560,982300,0.0310,24.80
DAYW,Alibaba 5xlongsg231024,0.8400,0.8100,0.8250,155300,0.0900,12.24
DBHW,Venture 5xlongsg230713,0.1280,0.1280,0.1280,0,0.0000,0.00
DBIW,Lenovo 5xshortsg240215,0.0130,0.0130,0.0130,0,0.0000,0.00
DBPW,Anta 5xlongsg240620,0.0490,0.0470,0.0490,610000,0.0050,11.36
DBWW,Kuaisho 5xlongsg231024,0.4850,0.4100,0.4850,30000,0.1200,32.88
DBYW,Singtel 5xlongsg231214,0.3200,0.3000,0.3150,123000,0.0350,12.50
DCDW,Geely 5xshortsg231214,0.0030,0.0030,0.0030,0,0.0000,0.00
DCGW,Sia 5xlongsg240424,1.320,1.305,1.320,200,0.040,3.13
DCJW,Lining 5xlongsg231019,0.0040,0.0040,0.0040,0,0.0000,0.00
DCQW,Hkex 5xshortsg250205,1.205,1.205,1.205,0,0.000,0.00
DCRU,Digicore Reit Usd,0.4900,0.4800,0.4800,1735600,0.0000,0.00
DCUW,Alibaba 5xlongsg250205,0.1860,0.1750,0.1860,544500,0.0270,16.98
DCVW,Citydev 5xlongsg250226,0.5500,0.5100,0.5500,135000,0.0500,10.00
DCXW,Venture 5xlongsg250226,0.2600,0.2550,0.2600,449000,0.0200,8.33
DCZW,Aac 5xlongsg240327,0.1770,0.1770,0.1770,25000,-0.0170,8.76
DDPW,Sgx 5xlongsg240424,0.3950,0.3850,0.3950,205500,0.0300,8.22
DDSW,Sats 5xlongsg250515,0.0100,0.0100,0.0100,2000,0.0020,25.00
DDTW,Byd 5xshortsg230620,0.1230,0.1230,0.1230,0,0.0000,0.00
DDYW,Jd 5xlongsg231024,0.0840,0.0800,0.0840,2400000,0.0140,20.00
DDZW,Dlc Sg5xshortgeely B,0.0020,0.0020,0.0020,0,0.0000,0.00
DEEW,Pingan 5xlongsg240424,0.0820,0.0760,0.0820,600,0.0110,15.49
DEFW,Sats 5xshortsg250515,0.4800,0.4750,0.4750,110000,-0.0200,4.04
DEGW,Gwmotor 5xlongsg230620,0.0050,0.0050,0.0050,0,0.0000,0.00
DEHW,Xiaomi 5xlongsg231102,0.2900,0.2900,0.2900,120000,0.0350,13.73
DELW,Hsbc 5xshortsg250205,0.2700,0.2700,0.2700,240000,-0.0200,6.90
DEMW,Wuxibio 5xlongsg240205,0.0060,0.0060,0.0060,0,0.0000,0.00
DENW,Dbs 5xlongsg250226,0.7150,0.6550,0.7150,280700,0.0850,13.49
DEOW,Dbs 5xshortsg250226,1.110,1.085,1.085,103000,-0.130,10.70
DEPW,Cmob 5xlongsg250327,0.7700,0.7700,0.7700,100,0.0350,4.76
DEQW,Alibaba 5xlongsg241126,1.175,1.145,1.170,124000,0.150,14.71
DETW,Baidu 5xlongsg241126,0.9850,0.9200,0.9850,5000,0.0850,9.44
DEVW,Byd 5xlongsg250626,0.8600,0.8550,0.8600,120000,0.1000,13.16
DFEW,Yzj 5xshortsg231024,0.0250,0.0240,0.0250,1000100,0.0010,4.17
DFIW,Ocbc 5xshortsg240424,0.3450,0.3400,0.3450,300100,-0.0300,8.00
DFKW,Sembcorp 5xlongsg250515,3.280,3.280,3.280,100,0.540,19.71
DFLW,Lining 5xlongsg240620,0.0070,0.0070,0.0070,0,0.0000,0.00
DFMW,Wuxibio 5xlongsg231102,0.0260,0.0230,0.0250,3300000,0.0060,31.58
DFRW,Netease 5xshortsg250205,0.1870,0.1870,0.1870,0,0.0000,0.00
DFSW,Dlc Sg5xshortsunny B,0.0010,0.0010,0.0010,0,0.0000,0.00
DFTW,Alibaba 5xshortsg240205,0.2350,0.2200,0.2200,1368000,-0.0450,16.98
DFUW,Genting 5xlongsg250226,0.1820,0.1730,0.1780,180200,0.0130,7.88
DFWW,Ocbc 5xshortsg250226,0.7650,0.7500,0.7500,100000,-0.0550,6.83
DFXW,Geely 5xlongsg240327,0.4650,0.4500,0.4500,480000,0.0100,2.27
DFYW,Dlc Sg5xshort Byd,0.0010,0.0010,0.0010,0,0.0000,0.00
DFZW,Lining 5xshortsg240327,1.630,1.630,1.630,0,0.000,0.00
DGCW,Dlc Sg5xshort Galaxy A,0.0020,0.0020,0.0020,0,0.0000,0.00
DGEW,Areit 5xshortsg231214,0.1050,0.1040,0.1040,1000000,-0.0260,20.00
DGJW,Uob 5xshortsg241024,0.3250,0.3050,0.3100,900100,-0.0300,8.82
DGKW,Kepcorp 5xshortsg240424,0.0160,0.0150,0.0150,1000000,-0.0030,16.67
DGMW,Sembcorp 5xshortsg250515,0.0030,0.0030,0.0030,20000,0.0000,0.00
DGNW,Jd 5xshortsg230620,0.0150,0.0150,0.0150,0,0.0000,0.00
DGUW,Tencent 5xlongsg231102,2.070,2.070,2.070,0,0.000,0.00
DGWW,Sunny 5xshortsg240205,1.310,1.310,1.310,0,0.000,0.00
DGYW,Byd 5xshortsg240205,0.3800,0.3750,0.3750,360000,0.0250,7.14
DHBW,Uob 5xlongsg230713,0.3700,0.3700,0.3700,0,0.0000,0.00
DHEW,Dlc Sg5xshort Hkex A,0.0030,0.0030,0.0030,0,0.0000,0.00
DHGW,Dlc Sg5xshortwilmar B,0.0410,0.0400,0.0400,1500000,-0.0030,6.98
DHHW,Uob 5xlongsg251023,1.170,1.130,1.150,151200,0.110,10.58
DHLU,Daiwa Hse Log Tr,0.6050,0.5950,0.6000,356600,0.0000,0.00
DHMW,Pingan 5xshortsg230705,0.0020,0.0020,0.0020,0,0.0000,0.00
DHNW,Kepcorp 5xlongsg240424,3.070,2.850,3.070,3600,0.570,22.80
DHQW,Steng 5xlongsg250515,0.1970,0.1970,0.1970,100,0.0250,14.53
DHRW,Meituan 5xshortsg230620,0.0250,0.0250,0.0250,0,0.0000,0.00
DHSW,Dlc Sg5xlong Hsbc A,2.140,2.140,2.140,0,0.000,0.00
DHUW,Sinobio 5xlongsg231102,0.0740,0.0710,0.0740,600000,0.0110,17.46
DHVW,Sinobio 5xshortsg231220,0.0180,0.0170,0.0170,7200000,-0.0020,10.53
DHWW,Tencent 5xshortsg240205,0.5700,0.5650,0.5650,120000,-0.1050,15.67
DHXW,Galaxy 5xshortsg250205,0.4200,0.4200,0.4200,120000,-0.0300,6.67
DHZW,Petroch 5xshortsg231012,0.0070,0.0070,0.0070,0,0.0000,0.00
DIBW,Ckasset 5xshortsg231019,0.2450,0.2350,0.2350,240000,-0.0350,12.96
DIDW,Sunny 5xlongsg231024,0.1060,0.1000,0.1060,5530000,0.0260,32.50
DIFW,Ocbc 5xlongsg251023,0.9900,0.9450,0.9850,133700,0.0800,8.84
DIGW,Steng 5xshortsg250515,0.3050,0.2850,0.2850,200000,-0.0400,12.31
DIHW,Tencent 5xlongsg231214,0.0140,0.0120,0.0120,1144000,0.0020,20.00
DIIW,Sunny 5xlongsg230620,0.0040,0.0040,0.0040,0,0.0000,0.00
DIKW,Petroch 5xlongsg241030,3.240,3.240,3.240,0,0.000,0.00
DIMW,Aia 5xshortsg250327,0.6400,0.6400,0.6400,0,0.0000,0.00
DINW,Dlc Sg5xlong Byd,0.0020,0.0020,0.0020,0,0.0000,0.00
DIOW,Ocbc 5xlongsg250226,0.4600,0.4450,0.4600,300200,0.0350,8.24
DJCW,Dlc Sg5xlong Jd,0.0060,0.0060,0.0060,0,0.0000,0.00
DJDW,Dlc Sg5xlongjd A,0.0050,0.0050,0.0050,0,0.0000,0.00
DJHW,Ckasset 5xlongsg231019,0.2550,0.2500,0.2550,242000,0.0250,10.87
DJJW,Sats 5xlongsg231024,0.3050,0.2950,0.3000,314800,0.0150,5.26
DJLW,Cmb 5xlongsg240801,0.0830,0.0830,0.0830,600000,0.0040,5.06
DJNW,Xpeng 5xlongsg230620,0.0010,0.0010,0.0010,0,0.0000,0.00
DJOW,Geely 5xlongsg231102,0.1610,0.1570,0.1570,600000,0.0140,9.79
DJPW,Sunny 5xlongsg240327,0.2350,0.2300,0.2350,245000,0.0440,23.04
DJSW,Uob 5xlongsg250226,0.7000,0.6450,0.7000,315000,0.0650,10.24
DKAW,Aac 5xlongsg240201,0.0140,0.0140,0.0140,0,0.0000,0.00
DKBW,Dbs 5xlongsg240306,0.4200,0.3900,0.4200,853900,0.0450,12.00
DKEW,Dlc Sg5xlongkepcorp A,9.280,9.280,9.280,0,0.000,0.00
DKGW,Bilibili 5xlongsg230803,0.0080,0.0080,0.0080,0,0.0000,0.00
DKLW,Sinobio 5xlongsg231220,0.0010,0.0010,0.0010,0,0.0000,0.00
DKMW,Singtel 5xshortsg230713,0.0410,0.0410,0.0410,0,0.0000,0.00
DKNW,Cspc 5xlongsg231102,0.0280,0.0270,0.0270,2021000,0.0030,12.50
DLDW,Dbs 5xshortsg240306,0.6200,0.5600,0.5600,577300,-0.0700,11.11
DLFW,Byd 5xlongsg230803,0.0760,0.0710,0.0760,1360000,-0.0050,6.17
DLGW,Byd 5xlongsg230914,0.4700,0.4650,0.4650,150000,0.0050,1.09
DLHW,Cnooc 5xshortsg241030,0.0460,0.0450,0.0450,4800000,-0.0060,11.76
DLJW,Baidu 5xlongsg231115,0.6750,0.6500,0.6750,14800,0.1100,19.47
DLKW,Kingdee 5xlongsg231220,0.0010,0.0010,0.0010,0,0.0000,0.00
DLNW,Xiaomi 5xshortsg231220,0.1420,0.1420,0.1420,0,0.0000,0.00
DLSW,Kingsof 5xshortsg231220,0.0020,0.0020,0.0020,0,0.0000,0.00
DLTW,Hkex 5xshortsg240125,0.1060,0.1030,0.1030,700,-0.0250,19.53
DLVW,Bilibili 5xlongsg231220,0.0070,0.0070,0.0070,0,0.0000,0.00
DLZW,Yzj 5xlongsg241218,0.4950,0.4650,0.4900,201000,0.0100,2.08
DM0,Psc Corporation Ltd,0.3400,0.3400,0.3400,52500,0.0000,0.00
DMBW,Dlc Sg5xlong Alibaba,0.0010,0.0010,0.0010,0,0.0000,0.00
DMEW,Dlc Sg5xlong Meituan,0.0030,0.0030,0.0030,0,0.0000,0.00
DMFW,Cnooc 5xlongsg240201,0.6200,0.6200,0.6200,0,0.0000,0.00
DMIW,Tencent 5xshortsg231214,0.0010,0.0010,0.0010,0,0.0000,0.00
DMKW,Bydelec 5xshortsg230803,0.0080,0.0080,0.0080,0,0.0000,0.00
DMMW,Byd 5xshortsg230914,0.0320,0.0300,0.0300,3000600,-0.0020,6.25
DMNW,Hkex 5xlongsg231102,1.235,1.235,1.235,2900,0.260,26.67
DMRW,Kuaisho 5xlongsg231115,0.1310,0.1310,0.1310,100000,0.0440,50.57
DMYW,Sands 5xshortsg231220,0.1070,0.0990,0.1070,600700,-0.0080,6.96
DNAW,Dlc Sg5xlongnetease A,0.0120,0.0120,0.0120,0,0.0000,0.00
DNFW,Dlc Sg5xlongalibaba A,0.0010,0.0010,0.0010,0,0.0000,0.00
DNJW,Galaxy 5xlongsg230914,0.4600,0.4550,0.4600,120000,0.0300,6.98
DNKW,Lining 5xlongsg231115,0.0170,0.0170,0.0170,4200000,0.0020,13.33
DNLW,Netease 5xlongsg231115,0.5800,0.5800,0.5800,0,0.0000,0.00
DNNW,Pingan 5xshortsg231220,0.2450,0.2250,0.2250,240100,-0.0550,19.64
DNPW,Byd 5xlongsg231220,1.940,1.940,1.940,0,0.000,0.00
DNQW,Kuaisho 5xlongsg231220,0.0510,0.0480,0.0490,2400900,0.0120,32.43
DNSW,Dlc Sg5xlong Netease,0.0030,0.0030,0.0030,0,0.0000,0.00
DNVW,Jd 5xlongsg231220,0.0200,0.0190,0.0200,3129000,0.0040,25.00
DNWW,Wilmar 5xlongsg241218,0.3600,0.3500,0.3550,300000,0.0300,9.23
DOCW,Hsbc 5xlongsg250203,0.4250,0.4250,0.4250,0,0.0000,0.00
DOGW,Uob 5xlongsg240306,0.3200,0.3000,0.3200,395600,0.0300,10.34
DOMW,Cosco 5xlongsg230803,0.1400,0.1400,0.1400,0,0.0000,0.00
DONW,Galaxy 5xshortsg230914,0.0280,0.0270,0.0270,2400000,-0.0010,3.57
DOOW,Kingdee 5xshortsg231220,0.0020,0.0020,0.0020,0,0.0000,0.00
DOPW,Dlc Sg5xlong Pahealth,0.0020,0.0020,0.0020,0,0.0000,0.00
DORW,Alibaba 5xlongsg231123,0.3600,0.3500,0.3600,249000,0.0450,14.29
DOSW,Pingan 5xlongsg231115,0.2300,0.2300,0.2300,360000,0.0200,9.52
DOVW,Meituan 5xshortsg231220,1.015,1.010,1.015,120000,-0.435,30.00
DOWW,Tencent 5xlongsg231220,0.7800,0.7500,0.7700,227500,0.0900,13.24
DOYW,Bydelec 5xlongsg231220a,0.3250,0.3200,0.3200,120000,0.0000,0.00
DPBW,Wilmar 5xlongsg240306,0.1190,0.1130,0.1190,10900,0.0090,8.18
DPDW,Tencent 5xlongsg230803,0.3350,0.3300,0.3300,613000,0.0350,11.86
DPFW,Cosco 5xshortsg230803,0.0400,0.0400,0.0400,1200000,0.0000,0.00
DPGW,Sgx 5xshortsg241218,0.3800,0.3650,0.3650,300000,-0.0350,8.75
DPHW,Alibaba 5xshortsg231123,0.0180,0.0170,0.0170,6000000,-0.0030,15.00
DPJW,Geely 5xshortsg231115,0.2050,0.2050,0.2050,0,0.0000,0.00
DPKW,Kuaisho 5xshortsg231220,0.3300,0.2900,0.2900,247000,-0.2100,42.00
DPZW,Venture 5xshortsg241218,1.450,1.450,1.450,0,0.000,0.00
DQCW,Cnooc 5xshortsg240201,0.0050,0.0050,0.0050,0,0.0000,0.00
DQEW,Dbs 5xlongsg230713,0.4950,0.4950,0.4950,0,0.0000,0.00
DQGW,Genting 5xshortsg240306,0.0300,0.0290,0.0290,3000000,-0.0020,6.45
DQHW,Wuxibio 5xshortsg230803,0.0170,0.0120,0.0140,3070000,-0.0080,36.36
DQJW,Ganfeng 5xlongsg230803,0.0230,0.0230,0.0230,0,0.0000,0.00
DQKW,Sembcorp 5xshortsg241218,0.0220,0.0220,0.0220,2525000,-0.0010,4.35
DQLW,Aac 5xshortsg231123,0.0940,0.0940,0.0940,0,0.0000,0.00
DQPW,Pingan 5xlongsg230705,0.0020,0.0020,0.0020,0,0.0000,0.00
DQRW,Sunny 5xshortsg231115,0.0790,0.0730,0.0790,1201200,-0.0230,22.55
DQSW,Jd 5xshortsg231220,2.350,2.350,2.350,0,0.000,0.00
DRBW,Sia 5xshortsg240306,0.0660,0.0630,0.0630,1614000,-0.0030,4.55
DRCW,Ganfeng 5xshortsg230803,0.1660,0.1660,0.1660,0,0.0000,0.00
DRHW,Tencent 5xshortsg240411,0.9250,0.9250,0.9250,120000,-0.1350,12.74
DRKW,Meituan 5xlongsg241126,0.7650,0.7650,0.7650,0,0.0000,0.00
DRMW,Bydelec 5xshortsg231220a,0.1420,0.1410,0.1410,200,-0.0030,2.08
DRX,St Group Food,0.1760,0.1760,0.1760,0,0.0000,0.00
DRZW,Venture 5xlongsg241218,0.4150,0.3950,0.4050,601900,0.0300,8.00
DSDW,Dlc Sg5xlongsunny A,0.0020,0.0020,0.0020,0,0.0000,0.00
DSGW,Cmb 5xshortsg231019,0.0990,0.0960,0.0990,1200000,-0.0060,5.71
DSMW,Uob 5xshortsg240306,0.8150,0.7650,0.7650,116000,-0.0900,10.53
DSOW,Xiaomi 5xshortsg231214,0.0170,0.0170,0.0170,0,0.0000,0.00
DSPW,Sands 5xlongsg230803,0.4050,0.4000,0.4050,120000,0.0400,10.96
DSQW,Jd 5xshortsg240327,0.4600,0.4400,0.4400,240000,-0.1050,19.27
DSRW,Djia 7xlongub250922,1.095,1.095,1.095,0,0.000,0.00
DSTW,Sunny 5xshortsg231214,0.0030,0.0030,0.0030,0,0.0000,0.00
DSWW,Meituan 5xlongsg240327,0.3550,0.3450,0.3550,480000,0.0850,31.48
DSXW,Baidu 5xshortsg231220,0.0050,0.0050,0.0050,3000,-0.0010,16.67
DSZW,Netease 5xlongsg241126,0.8600,0.8600,0.8600,0,0.0000,0.00
DTDW,Cmb 5xlongsg231019,0.0200,0.0200,0.0200,0,0.0000,0.00
DTGW,Sia 5xlongsg230713,2.660,2.660,2.660,0,0.000,0.00
DTHW,Byd 5xshortsg231214,0.0020,0.0020,0.0020,0,0.0000,0.00
DTIW,Hsbc 5xshortsg241213,0.0150,0.0150,0.0150,0,0.0000,0.00
DTMW,Cmob 5xlongsg250213,1.400,1.400,1.400,0,0.000,0.00
DTSW,Dlc Sg5xshorttencent B,0.0010,0.0010,0.0010,0,0.0000,0.00
DU4,Mermaid Maritime Public Co Ltd,0.0800,0.0750,0.0780,3039600,0.0040,5.41
DUHW,Cmob 5xshortsg250213,0.1090,0.1060,0.1090,300,-0.0060,5.22
DUKW,Kepcorp 5xshortsg241218,0.0500,0.0450,0.0450,3511600,-0.0090,16.67
DUMW,Kepcorp 5xlongsg250410,0.7850,0.7100,0.7850,168200,0.1050,15.44
DUNW,Jd 5xlongsg240416,0.4450,0.4050,0.4300,466800,0.0600,16.22
DUPW,Sands 5xlongsg250626,0.5400,0.5400,0.5400,0,0.0000,0.00
DURW,Sunny 5xlongsg241126,0.8550,0.8550,0.8550,1000,0.2650,44.92
DUTW,Xiaomi 5xlongsg241126,0.6950,0.6950,0.6950,0,0.0000,0.00
DUUW,Citydev Mb Ecw230724,0.0140,0.0140,0.0140,0,0.0000,0.00
DUXW,Aia 5xshortsg240125,0.0200,0.0200,0.0200,0,0.0000,0.00
DVAW,Clife 5xlongsg240215,0.1020,0.1000,0.1020,36000,0.0090,9.68
DVBW,Lining 5xshortsg231019,0.0040,0.0040,0.0040,0,0.0000,0.00
DVCW,Dlc Sg5xshortventure B,0.3100,0.3100,0.3100,100000,-0.0300,8.82
DVFW,Genting 5xshortsg241218,0.3300,0.3300,0.3300,200000,-0.0200,5.71
DVHW,Bydelec 5xlongsg231220,0.0160,0.0160,0.0160,0,0.0000,0.00
DVIW,Alibaba 5xlongsg231214,0.0020,0.0020,0.0020,4200,0.0010,100.00
DVKW,Petroch 5xlongsg250410,0.3900,0.3900,0.3900,0,0.0000,0.00
DVLW,Tencent 5xlongsg240416,0.1450,0.1430,0.1440,805100,0.0170,13.39
DVMW,Baidu 5xshortsg240709,0.5450,0.5400,0.5400,120000,-0.1650,23.40
DVNW,Sembcorp 5xshortsg250709,0.4100,0.4050,0.4050,200,-0.0500,10.99
DVRW,Alibaba 5xshortsg231220,0.0720,0.0690,0.0690,3001300,-0.0110,13.75
DVZW,Singtel 5xshortsg241218,0.3900,0.3850,0.3850,100000,-0.0350,8.33
DWCW,Ccb 5xlongsg240807,0.0560,0.0550,0.0550,600000,0.0010,1.85
DWEW,Clife 5xshortsg240215,0.0580,0.0570,0.0570,600000,-0.0030,5.00
DWFW,Citydev 5xshortsg241218,1.300,1.300,1.300,0,0.000,0.00
DWGW,Aia 5xlongsg241213,0.1580,0.1540,0.1540,50000,0.0180,13.24
DWIW,Sembcorp 5xlongsg250410,1.160,1.085,1.160,40900,0.050,4.50
DWMW,Kuaisho 5xlongsg240709,0.9150,0.9150,0.9150,0,0.0000,0.00
DWOW,Byd 5xshortsg241209,0.8600,0.8600,0.8600,0,0.0000,0.00
DWTW,Dlc Sg5xshortaac B,0.0110,0.0110,0.0110,0,0.0000,0.00
DXBW,Dlc Sg5xshort Xiaomi A,0.0020,0.0020,0.0020,0,0.0000,0.00
DXGW,Anta 5xshortsg231019,0.0140,0.0140,0.0140,300000,-0.0020,12.50
DXIW,Citydev 5xshortsg231214,0.1740,0.1740,0.1740,0,0.0000,0.00
DXJW,Jd Mb Ecw231204,0.0050,0.0050,0.0050,0,0.0000,0.00
DXLW,Dlc Sg5xlong Xiaomi,0.0010,0.0010,0.0010,0,0.0000,0.00
DXOW,Capinv 5xshortsg241218,0.4350,0.3650,0.3650,300000,-0.1050,22.34
DXQW,Alibaba 5xshortsg240411,0.6600,0.6500,0.6500,120000,-0.1350,17.20
DXRW,Lining 5xlongsg241209,0.8750,0.8750,0.8750,0,0.0000,0.00
DXSW,Dlc Sg5xshort Xiaomi,0.0030,0.0030,0.0030,0,0.0000,0.00
DXVW,Sunny 5xshortsg241209,0.5000,0.4850,0.4850,120000,-0.2250,31.69
DXZW,Dlc Sg5xlong Alihealth,0.0020,0.0020,0.0020,0,0.0000,0.00
DYEW,Citydev 5xlongsg241218,0.2600,0.2550,0.2600,2350000,0.0300,13.04
DYFW,Ganfeng 5xlongsg240411,0.7450,0.7250,0.7450,7500,0.0100,1.36
DYGW,Meituan 5xshortsg240411,0.3950,0.3400,0.3550,1440000,-0.1650,31.73
DYHW,Sembcorp 5xlongsg250709,0.4750,0.4750,0.4750,0,0.0000,0.00
DYIW,Ganfeng 5xshortsg240709,0.7250,0.7250,0.7250,0,0.0000,0.00
DYLW,Wuxibio 5xshortsg240709,0.3050,0.2700,0.3050,360100,-0.1900,38.38
DYXW,Tencent 5xshortsg231123,0.0640,0.0630,0.0630,4901200,-0.0110,14.86
DYYW,Hkex 5xlongsg240125,0.0100,0.0100,0.0100,0,0.0000,0.00
DZDW,Anta 5xlongsg231019,0.0020,0.0020,0.0020,0,0.0000,0.00
DZMW,Alibaba 5xshortsg231110,0.0060,0.0060,0.0060,0,0.0000,0.00
DZNW,Meituan 5xshortsg231110,0.1600,0.1390,0.1470,890200,-0.0630,30.00
DZOW,Meituan 5xlongsg231110,0.0400,0.0330,0.0390,6450000,0.0080,25.81
DZSW,Petroch 5xshortsg250410,0.0850,0.0730,0.0730,400,-0.0190,20.65
DZTW,Sia 5xlongsg250709,0.3850,0.3800,0.3800,319200,0.0100,2.70
DZUW,Geely 5xshortsg241209,0.5450,0.5450,0.5450,0,0.0000,0.00
DZYW,Ccb 5xshortsg231214,0.0830,0.0830,0.0830,0,0.0000,0.00
DZZW,Kuaisho 5xshortsg231123,0.0220,0.0180,0.0180,9208400,-0.0120,40.00
E27,Eucon Holding Limited,0.0090,0.0080,0.0090,1693800,0.0010,12.50
E28,Frencken Group Limited,0.9200,0.9050,0.9150,3459600,0.0200,2.23
E3B,Wee Hur Holdings Ltd.,0.1990,0.1940,0.1980,780000,0.0030,1.54
E5H,Golden Agri-resources Ltd,0.2450,0.2350,0.2400,16663300,0.0000,0.00
E6R,Samko Timber Limited,0.0160,0.0150,0.0160,105000,0.0010,6.67
E9L,Joyas International Hldgs Ltd,0.0010,0.0010,0.0010,0,0.0000,0.00
EAFW,Pingan Mb Epw231004,0.0180,0.0180,0.0180,0,0.0000,0.00
EAPS,Nx22100w 320801,98.50,98.50,98.50,0,0.00,0.00
EAVW,Tencentmbecw231004,0.0170,0.0160,0.0160,1000000,0.0050,45.45
EB5,First Resources Limited,1.520,1.500,1.520,947500,0.020,1.33
EB7,Ktl Global Limited,0.1160,0.1160,0.1160,0,0.0000,0.00
EBEW,Hscei 7xlongub250430,0.0340,0.0330,0.0330,238200,0.0040,13.79
ECAW,Meituan 5xlongub251031,0.0410,0.0380,0.0400,1166900,0.0090,29.03
EG0,Jes International Holdings Ltd,0.0260,0.0260,0.0260,0,0.0000,0.00
EH5,United Overseas Australia Ltd,0.4800,0.4800,0.4800,0,0.0000,0.00
EHFW,Hsi 19800mbecw230830,0.0930,0.0750,0.0920,14020500,0.0280,43.75
EHG,Econ Healthcare,0.2000,0.2000,0.2000,55000,-0.0050,2.44
EHUW,Jd 5xlongub250228,0.0020,0.0020,0.0020,0,0.0000,0.00
EHZB,Fptrea 4.49%270916xb#,1.024,1.023,1.024,15000,0.002,0.20
ELTW,Thaibev 5xshortsg231115,0.1950,0.1950,0.1950,500000,-0.0150,7.14
EMI,Emperador Inc.,0.5100,0.5050,0.5100,383800,0.0000,0.00
ENJW,Hsi 15800mbepw230830,0.0220,0.0220,0.0220,0,0.0000,0.00
ENV,Ls 2 Holdings,0.0990,0.0960,0.0960,139000,-0.0030,3.03
EPVW,Byd 5xlongub250930,1.650,1.500,1.600,31100,0.020,1.27
ER0,Ksh Holdings Limited,0.3400,0.3300,0.3400,219000,0.0050,1.49
ES3,Sti Etf,3.322,3.272,3.310,1255661,0.063,1.94
ESG,Lgi-ospl Slc Etf S$,0.9760,0.9700,0.9760,9924,0.0140,1.46
ESU,Lgi-ospl Slc Etf Us$,0.7190,0.7190,0.7190,0,0.0000,0.00
EVD,Nikkoam-stc Cn Ev Us$,0.4210,0.4210,0.4210,0,0.0000,0.00
EVS,Nikkoam-stc Cn Ev S$,0.5760,0.5660,0.5660,85834,-0.0040,0.70
EYFW,Hstech 4800mbecw240627,0.1040,0.1040,0.1040,0,0.0000,0.00
F03,Food Empire Holdings Limited,1.150,1.120,1.130,631900,-0.010,0.88
F10,F J Benjamin Holdings Ltd,0.0190,0.0190,0.0190,0,0.0000,0.00
F13,Fu Yu Corporation Ltd,0.1800,0.1760,0.1800,13800,0.0010,0.56
F17,Guocoland Limited,1.550,1.540,1.540,81300,0.000,0.00
F1E,Low Keng Huat (singapore) Ltd,0.3850,0.3800,0.3800,49700,0.0000,0.00
F34,Wilmar International Limited,3.830,3.770,3.800,10720500,0.060,1.60
F83,Cosco Corporation (s) Ltd,0.1600,0.1570,0.1590,3228700,0.0030,1.92
F86,Cougar Logistics Corpn Ltd,0.0600,0.0430,0.0600,51000,0.0180,42.86
F99,Fraser And Neave Limited,1.060,1.060,1.060,1000,-0.020,1.85
F9D,Boustead Singapore Limited,0.8650,0.8550,0.8550,521100,0.0000,0.00
FBXW,Meituan 5xshortub250430,0.0090,0.0090,0.0090,2500,-0.0040,30.77
FDWW,Hkex 5xlongub250228,0.1000,0.0910,0.0990,1415200,0.0170,20.73
FFPW,Hsi 19600mbecw230928,0.1130,0.1130,0.1130,0,0.0000,0.00
FGIW,Hsbc 5xlongub250127,0.6550,0.6450,0.6550,600,0.0450,7.38
FIAW,China Real Estate W230726,0.0010,0.0010,0.0010,0,0.0000,0.00
FIMW,Kuaisho 5xlongub251031,0.1230,0.1090,0.1220,1209800,0.0350,40.23
FOFW,Byd 5xlongub250321,1.170,1.105,1.170,10800,0.010,0.86
FQ7,Jasper Investments Limited,0.0010,0.0010,0.0010,104600,0.0000,0.00
FRLW,Alibaba 5xshortub250127,0.1720,0.1680,0.1690,11400,-0.0300,15.08
FRQ,Sing Paincare,0.1910,0.1910,0.1910,6100,0.0000,0.00
FUSW,Sands Mb Ecw231004,0.0030,0.0030,0.0030,0,0.0000,0.00
FUUW,Xiaomi Mbepw231004,0.0140,0.0140,0.0140,0,0.0000,0.00
FWQW,Meituan 5xshortub251031,0.0470,0.0430,0.0440,48200,-0.0210,32.31
FYZW,Djia 35000mbecw230616,0.0580,0.0580,0.0580,0,0.0000,0.00
FZCW,Ocbc Bk Mb Epw231110,0.0520,0.0500,0.0500,780000,-0.0070,12.28
FZFW,Dbs Mb Ecw230724,0.0070,0.0070,0.0070,0,0.0000,0.00
G07,Great Eastern Hldgs Ltd,17.90,17.70,17.79,33700,0.09,0.51
G0I,Nam Lee Pressed Metal Inds Ltd,0.3100,0.3100,0.3100,21000,-0.0050,1.59
G13,Genting Singapore Plc,0.9550,0.9400,0.9450,58050100,0.0100,1.07
G1N,Lyxor Etf Msci India 10,25.75,25.75,25.75,0,0.00,0.00
G20,Gp Industries Limited,0.6200,0.6150,0.6200,3200,0.0000,0.00
G3B,Dbs Singapore Sti Etf,3.286,3.241,3.286,35437,0.074,2.30
G50,Grand Banks Yachts Limited,0.3350,0.3250,0.3250,7100,-0.0050,1.52
G92,China Aviation Oil(s) Corp Ltd,0.9400,0.9200,0.9250,325000,0.0100,1.09
GAUW,Hsi 17200mbepw230728,0.0050,0.0050,0.0050,2000000,-0.0060,54.55
GDVW,Wilmar Mb Ecw240401,0.0160,0.0160,0.0160,400000,0.0010,6.67
GEGW,Hsi 17800mbepw230928,0.0710,0.0640,0.0640,27737000,-0.0240,27.27
GEIW,Ocbc Bk Mb Ecw231117,0.0250,0.0250,0.0250,0,0.0000,0.00
GHCW,Netease 5xshortub250321,0.1500,0.1320,0.1320,1700,-0.0400,23.26
GIH,Lhn Logistics,0.2250,0.2250,0.2250,0,0.0000,0.00
GPSW,Dbs 5xshortub250530,1.360,1.255,1.255,1400,-0.210,14.33
GRE,Uob Ap Grn Reit Us$,0.5460,0.5460,0.5460,0,0.0000,0.00
GRN,Uob Ap Grn Reit S$,0.7570,0.7430,0.7570,49201,0.0140,1.88
GRQ,Don Agro,0.2900,0.2850,0.2900,29900,0.0000,0.00
GSD,Gld Sg$,241.8,241.6,241.6,79,1.2,0.50
GU5,China Kunda Tech Holdings Ltd,0.0110,0.0110,0.0110,200000,-0.0010,8.33
GUVW,Xiaomi 5xshortub250321,0.1860,0.1620,0.1620,1200,-0.0380,19.00
H02,Haw Par Corp Ltd,9.330,9.170,9.240,427200,0.080,0.87
H07,Stamford Land Corporation Ltd,0.3900,0.3800,0.3850,257300,-0.0050,1.28
H12,Hotel Royal Ltd,1.990,1.990,1.990,600,0.000,0.00
H13,Ho Bee Investment Limited,2.030,2.000,2.030,227000,0.030,1.50
H15,Hotel Properties Ltd,3.860,3.780,3.860,8100,-0.010,0.26
H18,Hotel Grand Central Ltd,0.8550,0.8550,0.8550,0,0.0000,0.00
H1N,Lyxor Etf Msci Emerging Mkt 10,12.10,12.10,12.10,2200,0.04,0.33
H20,Hoe Leong Corporation Ltd.,0.0020,0.0010,0.0020,2300,0.0010,100.00
H22,Hong Leong Asia Ltd.,0.6200,0.6200,0.6200,3100,0.0000,0.00
H30,Hong Fok Corporation Ltd,1.0100,0.9950,1.0000,181600,0.0100,1.01
H78,Hongkong Land Holdings Limited,3.850,3.760,3.810,1925400,0.070,1.87
HAOW,Hsi 5xshortub251031,0.4300,0.4300,0.4300,0,0.0000,0.00
HBWW,Sunny 5xlongub250127,0.0730,0.0660,0.0710,1400,0.0120,20.34
HBYW,Netease 5xlongub250228,0.0470,0.0470,0.0470,100,0.0080,20.51
HCLW,Hscei3xlongma260327us$,1.745,1.725,1.745,13600,0.145,9.06
HD9,Dbxt Ftse Vietnam Etf 10,29.40,29.18,29.40,3,0.45,1.55
HDTW,Galaxy 5xshortub250430,0.0130,0.0130,0.0130,0,0.0000,0.00
HHHW,Hsi3xlongma260327us$,1.770,1.750,1.765,8800,0.135,8.28
HIEW,Sunny 5xlongub250930,0.0750,0.0680,0.0700,250000,0.0090,14.75
HKB,Amtd Ib Ov,12.93,12.93,12.93,0,0.00,0.00
HKCW,Sands 5xlongub250930,1.470,1.360,1.360,3700,0.150,12.40
HLKW,Sia 5xlongub250530,0.4650,0.4600,0.4650,200,0.0200,4.49
HMN,Ascott Trust,1.120,1.100,1.120,6989600,0.000,0.00
HMSW,Kepcorpmbecw230628,0.0360,0.0360,0.0360,0,0.0000,0.00
HNVW,Byd3xshortub250428us$,1.255,1.175,1.175,6600,0.025,2.17
HOHW,Hsi 7xshortub241231,0.0840,0.0840,0.0840,0,0.0000,0.00
HQLW,Meituan 5xshortub250127,0.4850,0.4700,0.4800,600,-0.1500,23.81
HQU,Oiltek,0.2200,0.2200,0.2200,7700,0.0000,0.00
HSKW,Comfortdel Mbecw240202,0.0230,0.0230,0.0230,0,0.0000,0.00
HSS,Lion-ocbc Sec Hstech Us$,0.5210,0.5210,0.5210,60000,0.0330,6.76
HST,Lion-ocbc Sec Hstech S$,0.6950,0.6850,0.6940,6742114,0.0180,2.66
HTQW,Tencentmbepw231204,0.0340,0.0330,0.0330,2200000,-0.0060,15.38
HZPW,Kepcorpmbecw231215,0.0850,0.0850,0.0850,0,0.0000,0.00
J03,Jadason Enterprises Ltd,0.0170,0.0170,0.0170,0,0.0000,0.00
J17,Jackspeed Corporation Limited,0.1310,0.1310,0.1310,0,0.0000,0.00
J2T,Hock Lian Seng Holdings Ltd,0.2750,0.2700,0.2750,30000,0.0050,1.85
J36,Jardine Matheson Hldgs Ltd,49.96,49.38,49.84,104000,0.46,0.93
J69U,Frasers Centrepoint Trust,2.210,2.170,2.200,4771200,0.020,0.92
J85,Cdl Hospitality Trusts,1.220,1.200,1.210,825600,0.010,0.83
J91U,Cambridge Industrial Trust,0.3350,0.3300,0.3300,1894300,0.0000,0.00
JHXW,Hsi 5xlongub251031,1.810,1.785,1.810,200100,0.155,9.37
JJQW,Hsi 18200mbepw230830,0.0580,0.0480,0.0490,55956000,-0.0230,31.94
JK8,United Sse 50 China Etf,2.000,2.000,2.000,2500,0.000,0.00
JLB,Grand Venture Technology Ltd,0.5450,0.5300,0.5400,546000,0.0200,3.85
JMFW,Geely 5xlongub250228,0.0030,0.0030,0.0030,0,0.0000,0.00
JRTW,Ccb 5xlongub250430,0.0880,0.0860,0.0860,30400,-0.0010,1.15
JUIW,Citydev Mbecw240202,0.0310,0.0310,0.0310,200000,0.0030,10.71
JUJW,Sia Mb Ecw230628,0.1520,0.1520,0.1520,0,0.0000,0.00
JWIW,Simsci 310mbecw230929,0.0840,0.0840,0.0840,0,0.0000,0.00
JYEU,Lendlease Reit,0.6750,0.6600,0.6750,8228500,0.0100,1.50
JZLW,Meituan Mb Epw231204,0.0170,0.0160,0.0160,900000,-0.0050,23.81
K03,Khong Guan Flour Milling Ltd,1.280,1.280,1.280,0,0.000,0.00
K29,Karin Technology Hldgs Limited,0.3000,0.3000,0.3000,24000,0.0000,0.00
K3MD,Netease.com Adr 10,48.76,48.76,48.76,0,0.00,0.00
K3RD,Ctrip.com International Adr 10,46.00,46.00,46.00,0,0.00,0.00
K3SD,Baidu.com Adr 10,175.0,175.0,175.0,0,0.0,0.00
K6S,Prudential Plc,10.03,10.03,10.03,0,0.00,0.00
K71U,K-reit Asia,0.9250,0.8950,0.9250,18926100,0.0350,3.93
K75,Koh Brothers Group Limited,0.1530,0.1450,0.1450,97600,-0.0020,1.36
KBZW,Hsi 19000mbepw230728,0.0490,0.0410,0.0410,57000,-0.0350,46.05
KCIW,Gentingsmbecw230928,0.0130,0.0130,0.0130,0,0.0000,0.00
KGDW,Wuxibio 5xlongub250930,0.0370,0.0290,0.0350,792100,0.0100,40.00
KGHW,Uob Mb Ecw231117,0.0220,0.0220,0.0220,0,0.0000,0.00
KGRW,Kuaisho 5xshortub250228,0.0020,0.0020,0.0020,0,0.0000,0.00
KHDW,Koh Brothers Eco Engg W230925,0.0010,0.0010,0.0010,50000,0.0000,0.00
KHWW,Alibab3xlongub250428us$,1.685,1.635,1.670,17600,0.090,5.70
KJ5,Bbr Holdings (s) Ltd,0.1250,0.1250,0.1250,26000,0.0000,0.00
KJ7,Dbxt Msci Indonesia Etf 10,16.59,16.59,16.59,0,0.00,0.00
KJZW,Vikingw270628,0.0080,0.0080,0.0080,0,0.0000,0.00
KLEW,Citydev Mbecw231005,0.0160,0.0160,0.0160,0,0.0000,0.00
KNXW,Hsi 7xlongub241231,0.0110,0.0110,0.0110,0,0.0000,0.00
KOPW,Wilmar Mb Ecw231215,0.0170,0.0170,0.0170,0,0.0000,0.00
KUH,Tsh Corporation Ltd,0.1810,0.1810,0.1810,600,0.0010,0.56
KUO,International Cement Groupltd.,0.0200,0.0190,0.0190,605600,-0.0010,5.00
KUPW,Meituan Mb Ecw230802,0.0120,0.0120,0.0120,0,0.0000,0.00
KUX,Dlf Holdings Limited,0.0670,0.0670,0.0670,0,0.0000,0.00
KV4,Dbxt Iboxx Singapore Etf 5,144.0,144.0,144.0,0,0.0,0.00
KYQW,Hsi 23400mbecw230728,0.0080,0.0080,0.0080,0,0.0000,0.00
L02,Manhattan Resources Limited,0.0550,0.0550,0.0550,300,-0.0150,21.43
L03,Lian Beng Group Ltd,0.6800,0.6800,0.6800,0,0.0000,0.00
L09,Lung Kee (bermuda) Hldgs Ltd,0.7000,0.7000,0.7000,0,0.0000,0.00
L19,Lum Chang Holdings Limited,0.3500,0.3500,0.3500,0,0.0000,0.00
L23,Enviro-hub Holdings Ltd,0.0280,0.0270,0.0280,629100,0.0000,0.00
L38,L.c.development Ltd,0.0880,0.0730,0.0880,11000,0.0160,22.22
L5I,Abterra Ltd,0.0450,0.0450,0.0450,0,0.0000,0.00
LBPW,Byd 5xshortub250430,0.0390,0.0360,0.0360,600,-0.0030,7.69
LCS,Csop Low Carbon S$,1.611,1.606,1.611,1757,0.026,1.64
LCU,Csop Low Carbon Us$,1.212,1.194,1.212,36,0.032,2.71
LG9,Dbxt Msci China Trn Etf 10,14.45,14.28,14.45,2900,0.40,2.85
LIW,Eagle Hospitality Trust,0.1370,0.1370,0.1370,0,0.0000,0.00
LJ3,Overseas Union Enterprise Ltd,1.080,1.050,1.060,107200,0.000,0.00
LJOW,Comfortdel Mbecw230724,0.0050,0.0050,0.0050,0,0.0000,0.00
LJRW,Sembind Mbecw230724,0.1520,0.1520,0.1520,0,0.0000,0.00
LLJW,Hstech 4000mbecw230928,0.0820,0.0810,0.0810,180000,0.0090,12.50
LMBW,Nasdaq 16000mbecw231215,0.1400,0.1400,0.1400,0,0.0000,0.00
LMKW,Hsi 7xshortub251031,0.0650,0.0650,0.0650,0,0.0000,0.00
LMS,Lms Compliance,0.4100,0.4100,0.4100,0,0.0000,0.00
LQDW,Hsi 19200mbepw230630,0.0520,0.0520,0.0520,0,0.0000,0.00
LQRW,Meituan 5xlongub241231,0.0020,0.0020,0.0020,0,0.0000,0.00
LS9,Leader Environmental Tech Ltd,0.0930,0.0900,0.0920,1108600,-0.0020,2.13
LSHS,N519100a 240201,96.00,96.00,96.00,0,0.00,0.00
LSS,Phil Long Simsci2x S$,1.378,1.378,1.378,80000,0.071,5.43
LSU,Phil Long Simsci2x Us$,0.9410,0.9410,0.9410,0,0.0000,0.00
LUY,Raffles Infrastructurehldgsltd,0.0350,0.0350,0.0350,0,0.0000,0.00
LXDW,Kuaisho 5xlongub250228,0.0030,0.0030,0.0030,200000,0.0010,50.00
LYNW,Alibaba Mb Epw231004,0.0520,0.0510,0.0510,2500000,-0.0060,10.53
LYY,Sinocloud Grp,0.0410,0.0390,0.0410,5008000,0.0020,5.13
M01,Metro Holdings Limited,0.6250,0.6150,0.6250,22000,0.0000,0.00
M03,Miyoshi Precision Limited,0.0170,0.0160,0.0170,300300,0.0000,0.00
M04,Mandarin Oriental Intl Ltd,1.610,1.610,1.610,10000,-0.020,1.23
M05,Mtq Corporation Limited,0.4000,0.3900,0.3900,36600,-0.0050,1.27
M11,Mfg Integration Technology Ltd,0.0440,0.0440,0.0440,0,0.0000,0.00
M14,Innotek Limited,0.4300,0.4250,0.4250,27900,-0.0050,1.16
M15,Matex International Limited,0.0310,0.0300,0.0310,7329800,0.0000,0.00
M1GU,Sabana Shari'ah Compliant Reit,0.4300,0.4250,0.4250,585700,-0.0050,1.16
M1Z,Tee International Limited,0.0320,0.0320,0.0320,0,0.0000,0.00
M44U,Mapletree Logistics Trust,1.710,1.670,1.700,20604900,0.040,2.41
M62,Cimb Ftse Asean40 100,7.930,7.930,7.930,0,0.000,0.00
MBH,Nikkoam Sgd Ig Corp Bond Etf,0.9320,0.9270,0.9320,380716,0.0050,0.54
MCJW,Jd Mb Ecw230704,0.0040,0.0040,0.0040,0,0.0000,0.00
MCZW,Sands 5xshortub250127,0.1160,0.1040,0.1160,1600,-0.0080,6.45
ME8U,Mapletree Industrial Trust,2.270,2.220,2.250,5397600,0.030,1.35
MF6,Mun Siong Engineering Limited,0.0480,0.0460,0.0470,3978400,0.0010,2.17
MIJ,Alliance Healthcare Group Ltd,0.1800,0.1800,0.1800,0,0.0000,0.00
MJHW,Cmob 5xlongub250228,0.9500,0.9200,0.9250,1000,0.0400,4.52
MLFW,Ocbc Bk Mb Epw230724,0.0530,0.0530,0.0530,0,0.0000,0.00
MMS,Phillip Mm S$,103.1,103.1,103.1,737,0.0,0.01
MMT,Phillip Mm Us$d,76.79,76.79,76.79,0,0.00,0.00
MOFB,Nc22300w 720801,108.6,108.6,108.6,60,0.6,0.56
MPKW,Hsi 22000mbecw230928,0.0380,0.0370,0.0380,1000000,0.0120,46.15
MPQW,Kepcorpmbecw240202,0.0360,0.0330,0.0360,400000,0.0030,9.09
MQJW,Uob Mb Epw231102,0.2000,0.2000,0.2000,0,0.0000,0.00
MQVW,Comfort 5xlongsg231115,0.0730,0.0730,0.0730,0,0.0000,0.00
MR7,Nordic Group Limited,0.4500,0.4400,0.4500,80500,0.0100,2.27
MRNW,Uob Mb Ecw230720,0.0060,0.0060,0.0060,0,0.0000,0.00
MSKW,Djia 29000mbepw230616,0.0200,0.0200,0.0200,0,0.0000,0.00
MT1,Dragon Group Intl Limited,0.0040,0.0040,0.0040,0,0.0000,0.00
MV4,Mewah International Inc.,0.2800,0.2800,0.2800,1800,0.0050,1.82
MVKW,Galaxy 5xshortub250127,0.2550,0.2550,0.2550,100,-0.0250,8.93
MVLW,Tencen3xlongub250428us$,1.500,1.465,1.495,10600,0.125,9.12
MXNU,Elitecomreit Gbp,0.2900,0.2850,0.2900,355300,0.0000,0.00
MZH,Nanofilm,1.220,1.150,1.200,4567900,0.020,1.69
N01,Neratelecommunications Ltd,0.0880,0.0880,0.0880,65000,0.0000,0.00
N02,Nsl Ltd.,0.8100,0.8100,0.8100,0,0.0000,0.00
N08,New Toyo Int Hldgs Ltd,0.2150,0.2150,0.2150,0,0.0000,0.00
N0Z,Combine Will Intl Hldgs Ltd,0.9000,0.9000,0.9000,0,0.0000,0.00
N2H,Hyflux 6% Cum Pref Class A 10,65.37,65.37,65.37,0,0.00,0.00
N2IU,Mapletree Commercial Trust,1.680,1.630,1.670,9697600,0.040,2.45
N32,Nippecraft Limited,0.0680,0.0660,0.0680,2397900,0.0010,1.49
N33,Nomura Holdings Inc,1.990,1.990,1.990,0,0.000,0.00
N4E,Nam Cheong Limited,0.0040,0.0040,0.0040,0,0.0000,0.00
N5YD,Mufj Financial Adr 10,5.100,5.100,5.100,0,0.000,0.00
N6DD,Mizuho Financial Adr 10,2.990,2.990,2.990,0,0.000,0.00
N6FD,Toyota Motor Adr 10,80.62,80.62,80.62,0,0.00,0.00
N6M,Ishares Usd Asia Bond Etf,9.200,9.200,9.200,26060,0.070,0.77
NC2,Sri Trang Agro-industry Pcl,0.6850,0.6800,0.6850,1000,0.0050,0.74
NCWW,Wuxibio 5xlongub250430,0.0070,0.0070,0.0070,0,0.0000,0.00
NCXW,Lifebrandz W240621,0.0010,0.0010,0.0010,0,0.0000,0.00
NEAW,Geely 5xshortub250127,0.2600,0.2600,0.2600,200,-0.0050,1.89
NEX,Reclaims Global Limited,0.1400,0.0920,0.1220,45000,-0.0330,21.29
NGIW,Nky 27500mbepw231208,0.0710,0.0710,0.0710,0,0.0000,0.00
NHD,Jubilee,0.0620,0.0590,0.0610,2980900,0.0030,5.17
NIO,Nio Inc. Usd Ov,11.20,10.76,11.01,266110,0.19,1.76
NIXW,Hsi 22200mbecw230630,0.0030,0.0030,0.0030,0,0.0000,0.00
NJXW,Xiaomi Mbecw231204,0.0270,0.0240,0.0270,300000,0.0050,22.73
NLC,5e Resources,0.2750,0.2750,0.2750,0,0.0000,0.00
NLPW,Pingan 5xshortub250127,0.3650,0.3500,0.3500,600,-0.0600,14.63
NMCW,Meituan 5xlongub250228,0.0030,0.0030,0.0030,0,0.0000,0.00
NNPW,Hsi 19200mbepw230830,0.1130,0.1060,0.1070,143000,-0.0500,31.85
NO4,Dyna-mac Holdings Ltd.,0.4400,0.4300,0.4350,3594500,0.0000,0.00
NPW,Malaysia Smelting Corp Bhd,0.6250,0.6250,0.6250,100,0.0100,1.63
NR7,Raffles Education Corp Ltd,0.0700,0.0630,0.0690,12839300,0.0050,7.81
NS8U,Hutchison Port Holdings Trust,0.1980,0.1950,0.1950,2171000,-0.0010,0.51
NTA,Novo Tellus Spac,4.540,4.540,4.540,0,0.000,0.00
NTSW,Novo Tellus Spac W291231,0.0900,0.0900,0.0900,0,0.0000,0.00
NUIW,Byd 5xlongub250430,0.0210,0.0210,0.0210,200,0.0000,0.00
NVYW,Sia Mb Ecw231215,0.0550,0.0550,0.0550,0,0.0000,0.00
NWDW,Jd 5xshortub250127,1.0300,0.8950,0.8950,1200,-0.3600,28.69
NXEW,Capinv 5xlongsg231115,0.2400,0.2150,0.2400,741200,0.0520,27.66
NXR,Iwow Tech,0.2450,0.2450,0.2450,0,0.0000,0.00
O08,Ossia International Ltd,0.1760,0.1720,0.1720,211000,-0.0030,1.71
O10,Orchard Parade Holdings Ltd,1.030,1.000,1.030,117600,0.020,1.98
O39,Oversea-chinese Banking Corp,12.40,12.26,12.35,6577700,0.20,1.65
O5RU,Aims Amp Cap Industrial Reit,1.240,1.230,1.240,438900,0.010,0.81
O6Z,Lonza Group Ltd,79.97,79.97,79.97,0,0.00,0.00
O87,Spdr Gold Shares,182.2,181.4,182.1,22464,2.4,1.34
O9A,Dbxt Msci Singapore Im Etf 10,1.365,1.365,1.365,0,0.000,0.00
O9E,Parkson Retail Asia Limited,0.0840,0.0780,0.0810,11427000,0.0020,2.53
O9P,Ishares Usd Asia Hy Bond Etf,6.360,6.260,6.360,61055,0.090,1.44
OAJ,Fortress Minerals Limited,0.3300,0.3300,0.3300,37400,-0.0200,5.71
OBBW,Geely Mb Epw231004,0.0420,0.0410,0.0420,200000,-0.0010,2.33
OBQW,Hstech 3800mbepw230630,0.0050,0.0050,0.0050,0,0.0000,0.00
OCRW,Dbs Mb Epw231017,0.0400,0.0400,0.0400,0,0.0000,0.00
ODBU,Utdhampshreitusd,0.4450,0.4400,0.4400,87400,0.0050,1.15
OFBW,Lining 5xshortub250430,0.0150,0.0150,0.0150,0,0.0000,0.00
OJQW,Nasdaq 11000mbepw231215,0.1040,0.1040,0.1040,0,0.0000,0.00
OL9S,Nz10100f 300901,108.0,108.0,108.0,0,0.0,0.00
OMK,Vividthree Holdings Ltd.,0.0340,0.0320,0.0340,50300,0.0010,3.03
OMYW,Anta 5xshortub250430,0.0220,0.0220,0.0220,1400,-0.0020,8.33
OOPW,Hstech 5xshortub250430,0.0580,0.0580,0.0580,0,0.0000,0.00
OOSW,Tencent 5xlongub250228,0.0660,0.0640,0.0660,258500,0.0090,15.79
OTS,Ots Holdings,0.1550,0.1550,0.1550,0,0.0000,0.00
OTX,Medinex Limited,0.1930,0.1840,0.1840,10300,-0.0060,3.16
OU8,Centurion Corporation Limited,0.4000,0.3950,0.4000,351700,0.0050,1.27
OV8,Sheng Siong Group Ltd,1.630,1.610,1.620,1549000,0.000,0.00
OVGW,Hstech 5500mbecw230630,0.0010,0.0010,0.0010,0,0.0000,0.00
OVQ,Phillip Sing Income Etf,0.9950,0.9940,0.9940,10088,0.0040,0.40
OVVW,Jd 5xshortub250430,0.0030,0.0030,0.0030,0,0.0000,0.00
OXMU,Prime Us Reitusd,0.2300,0.2100,0.2200,4952700,-0.0050,2.22
OYY,Propnex Limited,0.9900,0.9750,0.9850,629100,0.0100,1.03
P11,Pacific Andes Resources Devltd,0.0220,0.0220,0.0220,0,0.0000,0.00
P15,Pacific Century Regional Devts,0.3550,0.3550,0.3550,124100,0.0000,0.00
P34,Petra Foods Limited,1.290,1.260,1.280,518800,0.010,0.79
P36,Pan Hong Property Group Ltd,0.1040,0.1040,0.1040,0,0.0000,0.00
P40U,Starhill Global Reit,0.5200,0.5100,0.5150,2370000,0.0050,0.98
P52,Pan-united Corporation Ltd,0.3900,0.3900,0.3900,0,0.0000,0.00
P5P,Cimb S&p Asia Pacific Dividend,0.6450,0.6450,0.6450,0,0.0000,0.00
P74,China Kangda Food Company Ltd,0.0300,0.0300,0.0300,0,0.0000,0.00
P7VU,Hutchison Port Hldgs Trust S$,0.2650,0.2600,0.2600,171100,-0.0050,1.89
P8A,Cordlife Group Limited,0.5600,0.5450,0.5500,171800,-0.0050,0.90
P8Z,Bumitama Agri Ltd.,0.5900,0.5800,0.5800,250600,-0.0100,1.69
P9D,Civmec Limited,0.8150,0.8000,0.8000,522700,-0.0050,0.62
PA3,Ta Corporation Ltd,0.0780,0.0650,0.0650,86400,-0.0080,10.96
PBSW,Vibropower W250116^,0.0410,0.0410,0.0410,0,0.0000,0.00
PGEW,Pegasus Spac W291231,0.0250,0.0250,0.0250,0,0.0000,0.00
PGS,Pegasus Spac,4.650,4.650,4.650,0,0.000,0.00
PH0,Hatten Land,0.0180,0.0170,0.0170,440300,-0.0010,5.56
PH1S,Na12100n 420202,91.00,91.00,91.00,0,0.00,0.00
PHHW,Alibaba 5xlongub250930,0.5100,0.5050,0.5100,5200,0.0650,14.61
PISW,Cosco 5xshortub250430,0.0180,0.0180,0.0180,200,0.0000,0.00
PKMW,Geely Mb Epw230802,0.0130,0.0130,0.0130,0,0.0000,0.00
PMBW,Hstech 4500mbecw230630,0.0430,0.0430,0.0430,0,0.0000,0.00
PMGW,Uob 5xlongub250530,1.610,1.545,1.605,800,0.130,8.81
PNQW,Pingan Mb Ecw231004,0.0080,0.0080,0.0080,0,0.0000,0.00
PRH,Citicode Ltd,0.0360,0.0360,0.0360,100,-0.0080,18.18
PU6D,Hsbc Adr 10,4.850,4.850,4.850,0,0.000,0.00
Q01,Qaf Ltd,0.8150,0.8100,0.8150,57300,0.0000,0.00
Q0F,Ihh Healthcare Berhad,1.710,1.660,1.660,36700,-0.040,2.35
Q0X,Ultro Technologies Limited,0.0350,0.0330,0.0330,4481600,-0.0020,5.71
Q5T,Far East Hospitality Trust,0.6450,0.6250,0.6450,3013100,0.0150,2.38
QAHW,Thaibev 5xlongsg231115,0.0410,0.0410,0.0410,820000,0.0030,7.89
QAIW,Cmob 5xshortub250228,0.0690,0.0670,0.0680,1100,-0.0040,5.56
QC7,Q & M Dental Group (s) Limited,0.3000,0.2900,0.3000,70800,0.0100,3.45
QDAW,Sembind Mbecw231207,0.0570,0.0570,0.0570,0,0.0000,0.00
QDCW,S&p 4000mbepw230616,0.0020,0.0020,0.0020,0,0.0000,0.00
QES,Chinasunsine,0.4100,0.4100,0.4100,78700,0.0000,0.00
QFHW,Sembcorp 5xlongub250530,0.2950,0.2950,0.2950,5100,0.0150,5.36
QFYW,Byd 5xlongub241231,0.0170,0.0160,0.0170,10400,0.0020,13.33
QGGW,Hsi 7xshortub250228,0.1600,0.1600,0.1600,0,0.0000,0.00
QGWW,Dbs Mb Epw231005,0.1830,0.1830,0.1830,0,0.0000,0.00
QJDW,Wuxibio 5xshortub250321,0.5400,0.3800,0.3850,1000,-0.2150,35.83
QK9,Is Msci India 100 S$,15.86,15.72,15.73,1936,0.00,0.00
QL2,Ishares Usd Asia Bond Etf S$,12.27,12.24,12.26,294,0.04,0.33
QL3,Ishares Usd Asia Hy Bond Etfs$,8.390,8.360,8.390,37789,-0.030,0.36
QNHW,First Sponsor W240530,0.0010,0.0010,0.0010,2700,-0.0240,96.00
QNLW,Ocbc Bk Mb Ecw231124,0.0490,0.0470,0.0490,701200,0.0050,11.36
QNS,Southernalliance,0.7200,0.6800,0.6800,21000,-0.0200,2.86
QPCW,Aia 5xlongub250430,0.2000,0.1970,0.2000,600,0.0330,19.76
QPPW,Nio Mbecw230920,0.0180,0.0160,0.0170,300000,0.0010,6.25
QR9,Cimb S&p Asia Pac Dividend S$,0.8910,0.8910,0.8910,0,0.0000,0.00
QS0,Cimb Ft Asean 40 100 S$,11.06,11.06,11.06,2000,0.16,1.47
QS9,Radiance Group Limited,0.0360,0.0360,0.0360,0,0.0000,0.00
QSD,Resources Gbl,0.9400,0.9400,0.9400,10300,0.0000,0.00
QTTW,Anta 5xlongub250430,0.0500,0.0490,0.0500,400,0.0040,8.70
QXPW,Hsi 5xshortub250430,0.5250,0.5250,0.5250,0,0.0000,0.00
QZG,Accrelist Ltd,0.0560,0.0550,0.0560,99600,-0.0050,8.20
R14,Ramba Energy Limited,0.0130,0.0120,0.0120,450400,-0.0010,7.69
R1MS,Nx13100h 230701,100.6,100.6,100.6,0,0.0,0.00
R1NS,Nz13100v 330901,111.0,111.0,111.0,0,0.0,0.00
RAYW,First Sponsor W290321,0.2000,0.2000,0.2000,0,0.0000,0.00
RC5,Triyards Holdings Limited,0.0840,0.0840,0.0840,0,0.0000,0.00
RCTW,Djia 37000mbecw231215,0.0680,0.0680,0.0680,0,0.0000,0.00
RCU,Revez,0.1450,0.1450,0.1450,500,0.0000,0.00
RDR,Incredible,0.0020,0.0020,0.0020,0,0.0000,0.00
RE4,Geo Energy Resources Limited,0.2250,0.2150,0.2150,11783500,-0.0100,4.44
REVW,Capinv 5xshortsg231115,0.0700,0.0700,0.0700,500000,-0.0120,14.63
RF1U,Religare Health Trust,0.0190,0.0190,0.0190,0,0.0000,0.00
RFVW,Venture 5xlongub250530,0.8750,0.8300,0.8700,1000,0.0600,7.41
RGMW,Sunny 5xshortub250127,0.6550,0.5700,0.5950,1200,-0.1500,20.13
RHBW,Byd3xlongub250428us$,1.075,1.010,1.065,6800,-0.005,0.47
RIVW,Dbs Mb Ecw231017,0.0560,0.0560,0.0560,0,0.0000,0.00
RLWW,Yangzijimbecw231215,0.0130,0.0130,0.0130,600000,-0.0010,7.14
RMRB,Astrea Iv S$242m4.35%b280614,1.025,1.025,1.025,0,0.000,0.00
RMTW,Uob Mb Epw230724,0.0370,0.0370,0.0370,0,0.0000,0.00
RNXW,Sunny 5xlongub250430,0.0010,0.0010,0.0010,0,0.0000,0.00
RQ1,Overseas Education Limited,0.2350,0.2350,0.2350,0,0.0000,0.00
RRBW,Nasdaq 16000mbecw230616,0.0340,0.0340,0.0340,0,0.0000,0.00
RRQW,Byd 5xshortub251031,0.0370,0.0360,0.0370,200,0.0010,2.78
RS1,China Environmental Res Gp Ltd,0.0070,0.0070,0.0070,0,0.0000,0.00
RXS,Pacificradiance,0.0580,0.0540,0.0560,7157000,0.0020,3.70
RXWW,Ocbc Bk Mb Ecw230615,0.0030,0.0030,0.0030,0,0.0000,0.00
RYQW,Lenovo 5xlongub250430,0.1200,0.1180,0.1190,600,0.0060,5.31
S07,Shangri-la Asia Limited,6.190,6.150,6.190,10400,0.060,0.98
S08,Singapore Post Limited,0.4900,0.4750,0.4800,2359600,-0.0100,2.04
S19,Singapore Shipping Corp Ltd,0.2600,0.2550,0.2600,10000,0.0050,1.96
S20,Straits Trading Co. Ltd,2.120,2.070,2.110,143500,0.030,1.44
S23,Singapura Finance Ltd,0.7350,0.7300,0.7300,5000,-0.0100,1.35
S27,Spdr S&p 500 Etf Trust,450.0,446.4,448.0,403,3.4,0.76
S29,Stamford Tyres Corporationltd,0.1970,0.1970,0.1970,30000,0.0000,0.00
S2D,Tosei Corporation,9.500,9.500,9.500,0,0.000,0.00
S35,Sing Investments & Finance Ltd,1.0000,1.0000,1.0000,20000,0.0000,0.00
S3N,Okh Global Ltd.,0.0210,0.0210,0.0210,0,0.0000,0.00
S41,Hong Leong Finance Limited,2.520,2.500,2.510,30500,-0.010,0.40
S44,Engro Corporation Limited,0.9000,0.9000,0.9000,0,0.0000,0.00
S45U,Singapore Index Fund,2.600,2.590,2.600,5300,0.100,4.00
S51,Sembcorp Marine Ltd,0.1450,0.1380,0.1440,916972000,0.0030,2.13
S56,Samudera Shipping Line Ltd,0.8900,0.8750,0.8900,1795800,0.0200,2.30
S58,Sats Ltd.,2.730,2.690,2.700,6334800,0.010,0.37
S59,Sia Engineering Co Ltd,2.480,2.460,2.470,187000,0.010,0.41
S61,Sbs Transit Ltd,2.610,2.570,2.610,7500,0.000,0.00
S63,Singapore Tech Engineering Ltd,3.710,3.640,3.700,5244500,0.090,2.49
S68,Singapore Exchange Limited,9.590,9.480,9.570,2352200,0.180,1.92
S69,Serial System Ltd,0.0870,0.0770,0.0870,388200,0.0010,1.16
S71,Sunright Ltd,0.2500,0.2250,0.2500,57100,0.0250,11.11
S7OU,Asian Pay Television Trust,0.1050,0.1040,0.1050,334300,0.0010,0.96
S7P,Soilbuild Construction Grp Ltd,0.0390,0.0390,0.0390,0,0.0000,0.00
S85,Straco Corporation Limited,0.4450,0.4400,0.4400,4400,-0.0050,1.12
S9B,Tee Land Limited,0.1150,0.1150,0.1150,0,0.0000,0.00
SCY,Csop Star&chinext50 S$,0.8860,0.8840,0.8860,3040,0.0020,0.23
SEJ,Noontalk Media,0.1180,0.1180,0.1180,2100,0.0000,0.00
SES,Cph Ltd.,0.0530,0.0530,0.0530,0,0.0000,0.00
SGSW,S&p 4500mbecw231215,0.1660,0.1650,0.1660,1000000,0.0110,7.10
SHWW,Hstech 5xlongub250430,0.0530,0.0530,0.0530,0,0.0000,0.00
SJY,Megroup Ltd.,0.1170,0.1170,0.1170,0,0.0000,0.00
SK3,Krisenergy Ltd.,0.0300,0.0300,0.0300,0,0.0000,0.00
SK6U,Sph Reit,0.9500,0.9400,0.9450,3006200,0.0000,0.00
SMIW,Wuxibio 5xshortub250430,0.0090,0.0090,0.0090,0,0.0000,0.00
SNEW,Cnooc 5xlongub250228,0.2850,0.2800,0.2800,200,0.0200,7.69
SNSW,Cmb 5xlongub251031,0.1870,0.1820,0.1850,600,0.0180,10.78
SNVW,Dbs 5xlongub250530,1.825,1.685,1.825,1600,0.200,12.31
SO7,Yangzijiang Shipbldg Hldgs Rmb,5.280,5.280,5.280,0,0.000,0.00
SPXW,S&p 7xlongsg260226,1.090,1.090,1.090,0,0.000,0.00
SQ1B,Sia S$750m 3.03% B 240328,1.0000,1.0000,1.0000,0,0.0000,0.00
SQQ,Csop Sea Tech Etf S$,0.9700,0.9700,0.9700,2855,0.0080,0.83
SQU,Csop Sea Tech Etf Us$,0.7300,0.7300,0.7300,4500,0.0210,2.96
SRT,Csop Iedge Sreit Etf S$,0.8600,0.8490,0.8600,61858,0.0140,1.65
SRU,Csop Iedge Sreit Etf Us$,0.6530,0.6490,0.6520,274299,0.0380,6.19
SSKW,Tencent 5xlongub250930,1.800,1.770,1.800,14400,0.240,15.38
SSS,Phil Short Simsci-1x S$,2.220,2.220,2.220,0,0.000,0.00
SSU,Phil Short Simsci-1x Us$,1.560,1.560,1.560,0,0.000,0.00
STC,Comba,0.2400,0.2400,0.2400,0,0.0000,0.00
STG,Sri Trang Gloves,0.2850,0.2850,0.2850,0,0.0000,0.00
SWMW,Uob Mb Epw231120,0.1060,0.1060,0.1060,0,0.0000,0.00
SYBW,Galaxy 5xlongub250430,0.2100,0.2050,0.2050,1700,0.0140,7.33
SYYW,Soilbuild Constw240729,0.0010,0.0010,0.0010,0,0.0000,0.00
T09,Tt International Limited,0.0140,0.0140,0.0140,0,0.0000,0.00
T12,Tat Seng Packaging Group Ltd,0.6700,0.6700,0.6700,0,0.0000,0.00
T13,Rh Petrogas Limited,0.2000,0.1960,0.1970,15017400,0.0000,0.00
T14,Tianjin Zhong Xin Pharm Group,1.920,1.900,1.900,310200,0.000,0.00
T15,Tan Chong Int'l Ltd,1.730,1.730,1.730,0,0.000,0.00
T24,Tuan Sing Holdings Limited,0.3300,0.3000,0.3200,2612700,0.0200,6.67
T41,Telechoice International Ltd,0.0600,0.0580,0.0600,127000,-0.0220,26.83
T43,Techcomp (holdings) Limited,0.1090,0.1090,0.1090,0,0.0000,0.00
T4B,Sino Grandness Food Ind Gp Ltd,0.0200,0.0200,0.0200,0,0.0000,0.00
T55,Transpac Industrial Hldgs Ltd,0.2150,0.2150,0.2150,0,0.0000,0.00
T6I,Valuemax Group Limited,0.3250,0.3200,0.3200,200,0.0000,0.00
T82U,Suntec Real Estate Inv Trust,1.290,1.270,1.290,8804400,0.030,2.38
T8FS,Ny14100e 290701,116.0,116.0,116.0,0,0.0,0.00
TATD,Aot Th Sdr,2.750,2.670,2.670,43800,-0.070,2.55
TCCW,Hsi 5xlongub250430,0.4900,0.4900,0.4900,0,0.0000,0.00
TCHW,Sunny 5xlongub250321,0.2650,0.2450,0.2550,9600,0.0450,21.43
TCPD,Cp All Th Sdr,2.420,2.370,2.370,9500,-0.040,1.66
TCU,Creditbureauasia,0.9300,0.9150,0.9250,31000,-0.0100,1.07
TEHW,Djia 34000mbepw230616,0.2050,0.2050,0.2050,0,0.0000,0.00
TEKB,Temasek S$500m 2.7% B 231025,1.0000,0.9990,1.0000,7000,0.0000,0.00
TEMB,Temasek 1.8% 261124xb#,0.9470,0.9470,0.9470,12000,0.0000,0.00
TGMW,Hstech 3000mbepw240627,0.1040,0.1040,0.1040,0,0.0000,0.00
THLW,Comfort 5xshortsg231115,0.2900,0.2900,0.2900,0,0.0000,0.00
TID,Xt Mschina S$,19.32,19.03,19.20,9358,0.22,1.16
TIRW,Nky 24000mbepw231208,0.0490,0.0490,0.0490,0,0.0000,0.00
TLBW,Gentingsmbecw230724,0.0050,0.0050,0.0050,0,0.0000,0.00
TMTW,Dbs Mb Epw230724,0.1110,0.1110,0.1110,0,0.0000,0.00
TPED,Pttep Th Sdr,6.000,5.970,6.000,10600,0.050,0.84
TQ5,Frasers Centrepoint Limited,0.8550,0.8450,0.8450,215300,-0.0100,1.17
TS0U,Oue Commercial Reit,0.3200,0.3100,0.3150,2319800,0.0000,0.00
TSGW,Tencent 5xlongub241231,0.0080,0.0080,0.0080,700,0.0010,14.29
TTTW,Hstech3xlongma260327us$,1.560,1.560,1.560,0,0.000,0.00
TVV,Artivision,0.0740,0.0690,0.0690,112000,-0.0050,6.76
TWL,Memiontec Hldgs,0.2300,0.2300,0.2300,0,0.0000,0.00
TYTW,Tencent 5xshortub241231,0.0090,0.0090,0.0090,0,0.0000,0.00
U06,United Industrial Corp Ltd,2.090,2.070,2.090,29000,-0.010,0.48
U09,Upp Holdings Limited,0.1980,0.1940,0.1980,95000,0.0030,1.54
U10,Uob-kay Hian Holdings Limited,1.390,1.380,1.390,12200,0.000,0.00
U11,United Overseas Bank Ltd,27.97,27.41,27.80,4177800,0.49,1.79
U13,United Overseas Insurance Ltd,6.120,6.100,6.120,6000,0.000,0.00
U14,Uol Group Limited,6.820,6.710,6.800,2645100,0.140,2.10
U77,Sarin Technologies Ltd,0.3900,0.3900,0.3900,0,0.0000,0.00
U96,Sembcorp Industries Ltd,5.400,5.320,5.370,3186000,0.100,1.90
U9E,Hankore Environment Tec Grpltd,0.2150,0.2100,0.2100,207900,0.0000,0.00
UBCW,Comfortdel Mbecw231215,0.0100,0.0100,0.0100,0,0.0000,0.00
UD1U,Ireit Global,0.4300,0.4200,0.4250,422700,0.0000,0.00
UD2,Japfa Ltd.,0.2300,0.2250,0.2300,503100,0.0000,0.00
UFSW,Netease 5xshortub250228,0.0110,0.0110,0.0110,0,0.0000,0.00
UGNW,Clife 5xshortub250321,0.2000,0.2000,0.2000,0,0.0000,0.00
ULQW,Hsi 17000mbepw230630,0.0110,0.0110,0.0110,0,0.0000,0.00
UMDW,Wilmar Mb Ecw230628,0.0400,0.0400,0.0400,0,0.0000,0.00
UORW,Meituan 5xshortub250228,0.0200,0.0200,0.0200,0,0.0000,0.00
UPRW,Hkex 5xshortub250228,0.0760,0.0690,0.0690,600,-0.0160,18.82
UQQW,Alibaba Mb Ecw231004,0.0040,0.0040,0.0040,0,0.0000,0.00
URR,Sim Leisure Group Ltd.,0.3700,0.3550,0.3700,49000,0.0200,5.71
UUK,Pasture Holdings,0.1760,0.1760,0.1760,0,0.0000,0.00
UUTW,Jd Mb Ecw231004,0.0060,0.0060,0.0060,0,0.0000,0.00
UV1,Hisaka Holdings Ltd.,0.1150,0.1150,0.1150,0,0.0000,0.00
V03,Venture Corporation Limited,14.87,14.65,14.87,1309300,0.22,1.50
V2IW,Byd Mb Ecw231004,0.0340,0.0330,0.0340,200000,0.0000,0.00
V2Y,Synagie Corporation Ltd.,0.0170,0.0160,0.0170,1030200,0.0000,0.00
V3M,Metech International Ltd,0.0700,0.0420,0.0690,8700,0.0220,46.81
V6QW,Sia 5xshortub250530,0.3850,0.3850,0.3850,0,0.0000,0.00
V7AB,Astrea7a1 4.125%320527#,1.012,1.010,1.012,115000,0.000,0.00
V7BB,Astrea7b 6%320527#,1.019,1.019,1.019,0,0.000,0.00
V8Y,Quantum Health,0.0050,0.0050,0.0050,65100,0.0010,25.00
V9WW,Hsi 18000mbepw230728,0.0140,0.0090,0.0090,1179000,-0.0130,59.09
VA2W,Sands 5xshortub250930,0.0030,0.0030,0.0030,0,0.0000,0.00
VAIW,Annaik W241009,0.0020,0.0020,0.0020,0,0.0000,0.00
VBQW,Uob Mb Ecw230724,0.0680,0.0680,0.0680,0,0.0000,0.00
VC2,Olam Group,1.420,1.390,1.420,943800,0.030,2.16
VFP,China Medical (intl) Gp Ltd,0.0010,0.0010,0.0010,0,0.0000,0.00
VI2,Tc Auto,0.1450,0.1450,0.1450,0,0.0000,0.00
VJAW,Sembind Mbecw231215,0.0800,0.0800,0.0800,0,0.0000,0.00
VJLW,Byd 5xshortub241231,0.0010,0.0010,0.0010,0,0.0000,0.00
VMGW,Jd Mb Epw231004,0.1490,0.1490,0.1490,0,0.0000,0.00
VMPW,Alibaba Mb Ecw231102,0.0500,0.0480,0.0490,3096000,0.0050,11.36
VO4W,Dbs Mb Ecw230615,0.0370,0.0370,0.0370,0,0.0000,0.00
VOVW,Kepcorpmbecw230724,0.2200,0.2200,0.2200,0,0.0000,0.00
VOWW,Nio Mbecw230621,0.0080,0.0080,0.0080,0,0.0000,0.00
VPBW,Yangzijimbecw230928,0.0400,0.0400,0.0400,0,0.0000,0.00
VPDW,Dbs Mb Ecw231010,0.0270,0.0270,0.0270,500000,0.0080,42.11
VT1,Vertex Spac,4.700,4.700,4.700,37600,0.000,0.00
VT2W,Vertex Spac W291231,0.0720,0.0720,0.0720,0,0.0000,0.00
VT6W,Hstech 5xlongub251031,0.4550,0.4550,0.4550,0,0.0000,0.00
VUQW,Alibab3xshortub250428us$,1.355,1.300,1.300,19800,-0.150,10.34
VVL,Alphadx,0.1120,0.1120,0.1120,0,0.0000,0.00
VWFW,Gentingsmbecw231215,0.0090,0.0090,0.0090,0,0.0000,0.00
VZLW,Sea Ads Mbecw231229,0.0210,0.0210,0.0210,0,0.0000,0.00
W05,Wing Tai Hldgs Ltd,1.470,1.450,1.450,148600,-0.010,0.68
W1XW,Incredible W240204,0.0010,0.0010,0.0010,0,0.0000,0.00
W2VW,Hsi 21600mbecw230830,0.0340,0.0330,0.0340,500000,0.0090,36.00
W5UB,Rafflesed 6%cb270923,0.8110,0.8110,0.8110,0,0.0000,0.00
W7MW,Nasdaq 8800mbepw230616,0.0070,0.0070,0.0070,0,0.0000,0.00
W8PW,Hkex 5xshortub250127,1.650,1.500,1.500,1800,-0.390,20.63
WA9W,Alibaba 5xlongub241231,0.0060,0.0060,0.0060,0,0.0000,0.00
WBQW,Hsi 7xlongub251031,0.5800,0.5800,0.5800,0,0.0000,0.00
WCQW,Ccb 5xshortub250430,0.1760,0.1760,0.1760,0,0.0000,0.00
WFUW,Comfortdel Mbecw231220,0.0160,0.0160,0.0160,0,0.0000,0.00
WG2W,Asl M W240723,0.0030,0.0030,0.0030,2987100,0.0000,0.00
WI4W,Lining 5xlongub251031,0.0290,0.0270,0.0270,2200,0.0020,8.00
WJGW,Alibaba Mb Ecw230802,0.0160,0.0160,0.0160,0,0.0000,0.00
WJP,Vicom Ltd,1.720,1.690,1.690,93800,-0.020,1.17
WNDW,Dbs Mb Ecw231005,0.0900,0.0750,0.0880,1250000,0.0180,25.71
WNLW,Pingan 5xshortub250228,0.0160,0.0160,0.0160,0,0.0000,0.00
WNQW,Hkex Mb Ecw231004,0.0150,0.0150,0.0150,0,0.0000,0.00
WPBW,Cosco 5xlongub250430,0.0540,0.0530,0.0540,200,0.0010,1.89
WPC,Vallianz Holdings Ltd,0.0390,0.0390,0.0390,0,0.0000,0.00
WQLW,Hkex Mb Epw231004,0.0520,0.0450,0.0470,500000,-0.0140,22.95
WRNW,Hstech 5xshortub251031,0.0730,0.0730,0.0730,0,0.0000,0.00
WTEW,S&p 3500mbepw230616,0.0010,0.0010,0.0010,0,0.0000,0.00
WTNW,Hscei 7xshortub250430,0.0600,0.0600,0.0600,0,0.0000,0.00
WVJ,Ntegrator,0.0110,0.0110,0.0110,0,0.0000,0.00
WW2W,Djia 40000mbecw230616,0.0290,0.0290,0.0290,0,0.0000,0.00
WXGW,Cosco 5xshortub251127,0.0360,0.0350,0.0360,200,0.0020,5.88
WZ2W,Beverly Jcg W240531,0.0010,0.0010,0.0010,0,0.0000,0.00
X1KW,Yzj 5xlongsg231115,1.640,1.640,1.640,0,0.000,0.00
X1RW,Hsi 18600mbepw230928,0.1030,0.0970,0.0970,132000,-0.0270,21.77
X2PW,Dbs Mb Epw231010,0.0680,0.0680,0.0680,30000,-0.0180,20.93
X2YW,Hsi 22000mbecw230728,0.0020,0.0020,0.0020,200000,-0.0020,50.00
X5HW,Pingan 5xlongub250228,0.0440,0.0430,0.0440,200,0.0060,15.79
X7XW,Nio Mbecw231122,0.1070,0.1070,0.1070,0,0.0000,0.00
X8AW,Cmb 5xshortub250430,0.0470,0.0450,0.0450,400,-0.0060,11.76
X8YW,Byd Mb Epw231004,0.0150,0.0150,0.0150,0,0.0000,0.00
X9LW,Meituan Mb Ecw231004,0.0140,0.0140,0.0140,0,0.0000,0.00
XBFW,Alibaba 5xlongub250430,0.0170,0.0160,0.0160,88200,0.0050,45.45
XBJW,Lenovo 5xshortub250430,0.0170,0.0170,0.0170,0,0.0000,0.00
XCF,Ktmg Limited,0.1920,0.1920,0.1920,0,0.0000,0.00
XEPW,S&p 4200mbecw230616,0.0420,0.0420,0.0420,0,0.0000,0.00
XJB,Ghy Culture,0.3800,0.3800,0.3800,1500,0.0000,0.00
XKJW,Hsbc 5xlongub250228,0.3600,0.3550,0.3550,200,0.0300,9.23
XMDW,Kepcorp 5xlongub250530,0.4200,0.3900,0.4200,1000,0.0550,15.07
XOHW,Sia Mb Ecw240202,0.0360,0.0360,0.0360,0,0.0000,0.00
XR6W,Tencent 5xshortub250321,0.4800,0.4750,0.4750,200,-0.0750,13.64
XS1W,Alibaba Mb Epw230802,0.0150,0.0150,0.0150,0,0.0000,0.00
XVG,$ Aedge Group,0.2900,0.2900,0.2900,0,0.0000,0.00
XWA,Aem Usd,2.680,2.680,2.680,0,0.000,0.00
XWEW,Hscei 7xlongub251031,0.4450,0.4450,0.4450,0,0.0000,0.00
XXSW,Hsi 18400mbepw230630,0.0150,0.0150,0.0150,0,0.0000,0.00
XZL,Ara Us Hospitality Trust,0.3350,0.3300,0.3350,120000,0.0150,4.69
Y03,Yeo Hiap Seng Ltd,0.6350,0.6300,0.6300,2600,-0.0100,1.56
Y06,Youcan Foods International Ltd,0.0650,0.0650,0.0650,0,0.0000,0.00
Y35,Sun East Group Limited,0.0220,0.0210,0.0220,820500,0.0000,0.00
Y3D,Mdr Limited,0.0680,0.0680,0.0680,2400,0.0010,1.49
Y45,Singapore Windsor Holdings Ltd,0.0460,0.0450,0.0460,1507400,0.0000,0.00
Y6OB,Gsh Cb5.2%241012#,1.090,1.090,1.090,0,0.000,0.00
Y6QW,Hstech 5000mbecw230928,0.0220,0.0210,0.0220,1000000,0.0040,22.22
Y8E,Samurai 2k,0.1420,0.1420,0.1420,0,0.0000,0.00
Y8RW,Hsi 16800mbepw230928,0.0600,0.0600,0.0600,0,0.0000,0.00
Y92,Thai Beverage Public Co Ltd,0.5850,0.5750,0.5800,30718000,0.0150,2.65
YCPW,Hsbc 5xshortub250228,0.0400,0.0390,0.0390,400,-0.0040,9.30
YF8,Yzj Fin Hldg,0.3400,0.3350,0.3350,3213700,0.0000,0.00
YIQW,Genting 5xlongub250530,0.3350,0.3300,0.3350,400,0.0150,4.69
YIYW,Jd Mb Ecw231102,0.0210,0.0190,0.0210,1700000,0.0050,31.25
YK9,Ykgi,0.1300,0.1150,0.1290,15200,0.0030,2.38
YMAW,Kuaisho 5xshortub251127,0.0120,0.0100,0.0100,7000,-0.0070,41.18
YQ7B,Sia 2021 Mcbz300608#,1.075,1.074,1.074,50000,0.001,0.09
YS5W,Citydev 5xlongub250530,0.4050,0.3800,0.4050,400,0.0400,10.96
YT2W,Hsi 20400mbecw230928,0.0970,0.0740,0.0960,11451000,0.0320,50.00
YT4W,Tencent 5xlongub250430,0.0760,0.0750,0.0750,2000100,0.0090,13.64
YWFW,Geely Mb Ecw231004,0.0150,0.0150,0.0150,0,0.0000,0.00
YYB,Arion Entertainment Spore Ltd,0.0060,0.0060,0.0060,200,0.0000,0.00
YYN,Platocapital,2.500,2.500,2.500,0,0.000,0.00
YYR,Lion-ospl China L Cny,8.244,8.244,8.244,0,0.000,0.00
YYY,Lion-ospl China L S$,1.515,1.500,1.512,24429,0.022,1.48
Z0SW,Geely Mb Ecw231204,0.0150,0.0150,0.0150,0,0.0000,0.00
Z25,Yanlord Land Group Limited,0.7750,0.7650,0.7750,669200,0.0100,1.31
Z2PW,Nasdaq 13000mbecw230616,0.4300,0.4300,0.4300,0,0.0000,0.00
Z3LW,Hsi 20200mbecw230728,0.0220,0.0150,0.0210,9464900,0.0110,110.00
Z4D,Medilifestyle,0.0220,0.0200,0.0210,1590700,0.0000,0.00
Z59,Yoma Strategic Holdings Ltd,0.0930,0.0890,0.0900,405000,-0.0020,2.17
Z5MW,Cmob 5xlongub251031,1.330,1.245,1.295,600,0.045,3.60
Z74,Singtel,2.560,2.520,2.550,22893300,0.040,1.59
Z77,Singtel 10,2.560,2.510,2.560,62840,0.050,1.99
Z8PW,Uob Mb Epw231117,0.0420,0.0390,0.0390,400000,-0.0080,17.02
ZCLW,Pingan 5xlongub251031,0.4550,0.4100,0.4400,100900,0.0700,18.92
ZFGS,Na21200w 511001,73.00,73.00,73.00,0,0.00,0.00
ZG3W,Xiaomi Mbecw230704,0.0650,0.0650,0.0650,0,0.0000,0.00
ZGNW,Pingan Mb Epw230802,0.0180,0.0180,0.0180,0,0.0000,0.00
ZHD,Nikkoam-icbcsg Cnb Us$,0.7690,0.7690,0.7690,0,0.0000,0.00
ZHS,Nikkoam-icbcsg Cnb S$,0.9360,0.9360,0.9360,4971,0.0000,0.00
ZHY,Nikkoam-icbcsg Cnb Cny,5.420,5.420,5.420,0,0.000,0.00
ZKX,Ever Glory,0.5500,0.5500,0.5500,1000,0.0300,5.77
ZL8S,Na20100f 500301,67.00,67.00,67.00,0,0.00,0.00
ZMKW,Yangzijimbecw230628,0.0610,0.0610,0.0610,0,0.0000,0.00
ZRWW,Hsi 18800mbecw230830,0.1520,0.1520,0.1520,20000,0.0210,16.03
ZSEW,Meituan Mb Ecw231204,0.0170,0.0160,0.0170,1053900,0.0030,21.43
ZU5W,S&p 3850mbepw231215,0.0470,0.0470,0.0470,0,0.0000,0.00
ZWAW,Alibaba 5xshortub251127,0.0160,0.0160,0.0160,0,0.0000,0.00
ZXY,Alpina Holdings,0.1880,0.1880,0.1880,0,0.0000,0.00
